symbol, date, time, open, high, low, close, volumn, 
XAE2,2017-08-03,00:00:00,16.00,16.04,16.00,16.00,336
XAE2,2017-08-02,00:00:00,15.90,15.90,15.90,15.90,650
XAE2,2017-01-01,00:00:00,100.00,100.00,100.00,100.00,10000
XAE2,2017-08-01,00:00:00,100.00,100.00,100.00,100.00,10000
XAE2,2010-10-10,22:33:07,15.88,15.88,15.88,15.88,84
XAE2,2017-07-31,00:00:00,16.17,16.17,16.17,16.17,140
XAE2,2017-07-28,00:00:00,15.62,16.00,15.62,15.95,2400
XAE2,2017-07-27,00:00:00,100.00,100.00,100.00,100.00,10000
XAE2,2017-01-01,00:00:00,100.00,100.00,100.00,100.00,10000
XAE2,2017-07-26,00:00:00,100.00,100.00,100.00,100.00,10000
XAE2,2010-10-10,22:33:07,100.00,100.00,100.00,100.00,10000
XAE2,2017-01-01,00:00:00,15.32,15.45,15.32,15.45,6
XAE2,2017-07-25,00:00:00,100.00,100.00,100.00,100.00,10000
XAE2,2010-10-10,22:33:07,100.00,100.00,100.00,100.00,10000
XAE2,2017-07-24,00:00:00,15.48,15.60,15.40,15.60,630
XAE2,2017-01-01,00:00:00,15.40,15.42,15.40,15.40,370
XAE2,2017-07-21,00:00:00,100.00,100.00,100.00,100.00,10000
XAE2,2010-10-10,22:33:07,100.00,100.00,100.00,100.00,10000
XAE2,2017-07-20,00:00:00,15.30,15.35,15.30,15.30,120
XAE2,2017-07-19,00:00:00,15.50,15.50,15.30,15.30,280
XAE2,2017-01-01,00:00:00,100.00,100.00,100.00,100.00,10000
XAE2,2017-07-18,00:00:00,100.00,100.00,100.00,100.00,10000
XAE2,2010-10-10,22:33:07,15.28,15.29,15.10,15.29,429
XAE2,2017-07-17,00:00:00,100.00,100.00,100.00,100.00,10000
XAE2,2017-07-14,00:00:00,100.00,100.00,100.00,100.00,10000
XAE2,2017-01-01,00:00:00,15.00,15.13,15.00,15.00,12
XAE2,2017-07-13,00:00:00,100.00,100.00,100.00,100.00,10000
XAE2,2010-10-10,22:33:07,100.00,100.00,100.00,100.00,10000
XAE2,2017-07-12,00:00:00,100.00,100.00,100.00,100.00,10000
XAE2,2017-01-01,00:00:00,100.00,100.00,100.00,100.00,10000
XAE2,2017-07-11,00:00:00,15.37,15.38,15.31,15.31,271
XAE2,2010-10-10,22:33:07,15.32,15.44,15.14,15.44,420
XAE2,2017-07-10,00:00:00,15.19,15.46,15.19,15.46,1300
XAE2,2017-01-01,00:00:00,14.86,14.86,14.86,14.86,23
XAE2,2017-07-07,00:00:00,14.80,14.80,14.80,14.80,1000
XAE2,2010-10-10,22:33:07,14.35,14.35,14.35,14.35,64
XAE2,2017-01-01,00:00:00,14.60,14.60,14.35,14.35,344
XAE2,2017-07-06,00:00:00,14.35,14.35,14.35,14.35,75
XAE2,2010-10-10,22:33:07,14.46,14.46,14.40,14.40,811
XAE2,2017-07-05,00:00:00,15.00,15.00,14.72,14.72,1150
XAE2,2017-07-04,00:00:00,15.10,15.10,15.10,15.10,1
XAE2,2017-07-03,00:00:00,100.00,100.00,100.00,100.00,10000
XAE2,2017-06-30,00:00:00,100.00,100.00,100.00,100.00,10000
XAE2,2017-06-29,00:00:00,100.00,100.00,100.00,100.00,10000
XAE2,2017-06-28,00:00:00,15.00,100.00,100.00,100.00,10000
XAE2,2017-06-27,00:00:00,100.00,100.00,100.00,100.00,10000
XAE2,2017-06-26,00:00:00,100.00,100.00,100.00,100.00,10000
XAE2,2017-06-23,00:00:00,100.00,100.00,100.00,100.00,10000
XAE2,2017-06-22,00:00:00,100.00,100.00,100.00,100.00,10000
XAE2,2017-06-21,00:00:00,100.00,100.00,100.00,100.00,10000
XAE2,2017-01-01,00:00:00,100.00,100.00,100.00,100.00,10000
XAE2,2017-06-20,00:00:00,100.00,100.00,100.00,100.00,10000
XAE2,2010-10-10,22:33:07,100.00,100.00,100.00,100.00,10000
XAE2,2017-01-01,00:00:00,100.00,100.00,100.00,100.00,10000
XAE2,2017-06-19,00:00:00,100.00,100.00,100.00,100.00,10000
XAE2,2010-10-10,22:33:07,100.00,15.00,14.90,14.90,10
XAE2,2017-01-01,00:00:00,15.00,100.00,100.00,100.00,10000
XAE2,2017-06-16,00:00:00,100.00,100.00,100.00,100.00,10000
XAE2,2010-10-10,22:33:07,100.00,15.00,14.90,14.90,875
XAE2,2017-01-01,00:00:00,15.00,15.00,15.00,15.00,25
XAE2,2017-06-15,00:00:00,15.00,100.00,100.00,100.00,10000
XAE2,2010-10-10,22:33:07,100.00,100.00,100.00,100.00,10000
XAE2,2017-01-01,00:00:00,100.00,100.00,100.00,100.00,10000
XAE2,2017-06-14,00:00:00,100.00,100.00,100.00,100.00,10000
XAE2,2010-10-10,22:33:07,100.00,100.00,100.00,100.00,10000
XAE2,2017-01-01,00:00:00,100.00,100.00,100.00,100.00,10000
XAE2,2017-06-13,00:00:00,100.00,100.00,100.00,100.00,10000
XAE2,2010-10-10,22:33:07,100.00,100.00,100.00,100.00,10000
XAE2,2017-01-01,00:00:00,100.00,15.34,15.34,15.34,54
XAE2,2017-06-12,00:00:00,15.34,15.01,15.00,15.00,850
XAE2,2010-10-10,22:33:07,15.01,15.02,15.02,15.02,300
XAE2,2017-06-09,00:00:00,15.02,100.00,100.00,100.00,10000
XAE2,2017-01-01,00:00:00,100.00,100.00,100.00,100.00,10000
XAE2,2017-06-08,00:00:00,100.00,15.60,15.60,15.60,50
XAE2,2010-10-10,22:33:07,15.60,15.59,15.59,15.59,122
XAE2,2017-06-07,00:00:00,15.59,100.00,100.00,100.00,10000
XAE2,2017-06-06,00:00:00,100.00,100.00,100.00,100.00,10000
XAE2,2017-01-01,00:00:00,100.00,100.00,100.00,100.00,10000
XAE2,2017-06-02,00:00:00,100.00,100.00,100.00,100.00,10000
XAE2,2010-10-10,22:33:07,100.00,15.76,15.34,15.34,443
XAE2,2017-01-01,00:00:00,15.76,100.00,100.00,100.00,10000
XAE2,2017-06-01,00:00:00,100.00,100.00,100.00,100.00,10000
XAE2,2010-10-10,22:33:07,100.00,15.26,15.00,15.00,448
XAE2,2017-01-01,00:00:00,15.00,100.00,100.00,100.00,10000
XAE2,2017-05-31,00:00:00,100.00,100.00,100.00,100.00,10000
XAE2,2010-10-10,22:33:07,100.00,15.01,15.00,15.00,45
XAE2,2017-01-01,00:00:00,15.01,16.00,15.53,15.53,796
XAE2,2017-05-30,00:00:00,15.60,15.90,15.50,15.90,108
XAE2,2010-10-10,22:33:07,15.50,16.00,16.00,16.00,332
XAE2,2017-05-29,00:00:00,16.00,100.00,100.00,100.00,10000
XAE2,2017-05-26,00:00:00,100.00,100.00,100.00,100.00,10000
XAE2,2017-05-25,00:00:00,100.00,15.80,15.80,15.80,600
XAE2,2017-01-01,00:00:00,15.80,16.00,16.00,16.00,259
XAE2,2017-05-24,00:00:00,16.00,16.08,15.95,16.08,145
XAE2,2010-10-10,22:33:07,15.95,100.00,100.00,100.00,10000
XAE2,2017-05-23,00:00:00,100.00,100.00,100.00,100.00,10000
XAE2,2017-05-22,00:00:00,100.00,16.14,16.14,16.14,25
XAE2,2017-01-01,00:00:00,16.14,16.14,16.14,16.14,25
XAE2,2017-05-19,00:00:00,16.14,16.12,16.00,16.12,207
XAE2,2010-10-10,22:33:07,16.00,16.00,16.00,16.00,828
XAE2,2017-01-01,00:00:00,16.00,16.08,15.77,16.00,1939
XAE2,2017-05-18,00:00:00,15.77,15.23,15.23,15.23,300
XAE2,2010-10-10,22:33:07,15.23,100.00,100.00,100.00,10000
XAE2,2017-05-17,00:00:00,100.00,100.00,100.00,100.00,10000
XAE2,2017-01-01,00:00:00,100.00,15.34,15.34,15.34,4
XAE2,2017-05-16,00:00:00,15.34,15.50,15.50,15.50,100
XAE2,2010-10-10,22:33:07,15.50,100.00,100.00,100.00,10000
XAE2,2017-05-15,00:00:00,100.00,100.00,100.00,100.00,10000
XAE2,2017-01-01,00:00:00,100.00,100.00,100.00,100.00,10000
XAE2,2017-05-12,00:00:00,100.00,100.00,100.00,100.00,10000
XAE2,2010-10-10,22:33:07,100.00,15.60,15.32,15.32,349
XAE2,2017-05-11,00:00:00,15.60,15.60,15.36,15.36,1173
XAE2,2017-05-03,00:00:00,15.36,15.70,15.64,15.64,271
XAE2,2017-05-02,00:00:00,15.70,16.00,16.00,16.00,85
XAE2,2017-04-28,00:00:00,16.00,16.10,16.00,16.10,255
XAE2,2017-01-01,00:00:00,16.00,16.06,16.06,16.06,700
XAE2,2017-04-27,00:00:00,16.06,16.50,16.27,16.27,755
XAE2,2010-10-10,22:33:07,16.50,16.49,16.49,16.49,222
XAE2,2017-04-26,00:00:00,16.49,16.50,16.50,16.50,78
XAE2,2017-04-25,00:00:00,16.50,100.00,100.00,100.00,10000
XAE2,2017-04-24,00:00:00,100.00,100.00,100.00,100.00,10000
XAE2,2017-01-01,00:00:00,100.00,100.00,100.00,100.00,10000
XAE2,2017-04-21,00:00:00,100.00,100.00,100.00,100.00,10000
XAE2,2010-10-10,22:33:07,100.00,100.00,100.00,100.00,10000
XAE2,2017-04-20,00:00:00,100.00,100.00,100.00,100.00,10000
XAE2,2017-04-19,00:00:00,100.00,16.70,16.65,16.65,303
XAE2,2017-04-18,00:00:00,16.70,16.80,16.80,16.80,95
XAE2,2017-04-13,00:00:00,16.80,100.00,100.00,100.00,10000
XAE2,2017-04-12,00:00:00,100.00,100.00,100.00,100.00,10000
XAE2,2017-04-11,00:00:00,100.00,16.90,16.70,16.70,143
XAE2,2017-01-01,00:00:00,16.90,16.70,16.70,16.70,100
XAE2,2017-04-10,00:00:00,16.70,16.70,16.66,16.66,352
XAE2,2010-10-10,22:33:07,16.70,17.02,16.15,17.02,403
XAE2,2017-04-07,00:00:00,16.15,16.00,15.57,16.00,2945
XAE2,2017-04-06,00:00:00,15.80,15.90,15.50,15.90,215
XAE2,2017-01-01,00:00:00,15.50,15.50,15.50,15.50,400
XAE2,2017-04-05,00:00:00,15.50,15.98,15.98,15.98,354
XAE2,2010-10-10,22:33:07,15.98,15.98,15.58,15.58,737
XAE2,2017-01-01,00:00:00,15.98,16.00,15.95,16.00,918
XAE2,2017-04-04,00:00:00,15.95,15.98,15.95,15.95,850
XAE2,2010-10-10,22:33:07,15.98,16.00,15.98,15.99,1500
XAE2,2017-04-03,00:00:00,15.99,16.00,15.88,16.00,955
XAE2,2017-03-31,00:00:00,15.88,15.60,15.60,15.60,33
XAE2,2017-03-30,00:00:00,15.60,16.30,15.85,15.85,230
XAE2,2017-03-29,00:00:00,16.30,16.25,16.15,16.25,1171
XAE2,2017-03-28,00:00:00,16.15,16.25,16.24,16.24,224
XAE2,2017-03-27,00:00:00,16.25,16.25,15.99,16.20,900
XAE2,2017-03-24,00:00:00,15.99,15.98,15.55,15.98,979
XAE2,2017-03-23,00:00:00,15.55,15.49,14.80,15.29,1314
XAE2,2017-03-22,00:00:00,14.80,14.62,14.62,14.62,10
XAE2,2017-01-01,00:00:00,14.62,14.70,14.64,14.70,1106
XAE2,2017-03-21,00:00:00,14.64,14.64,14.62,14.64,79
XAE2,2010-10-10,22:33:07,14.62,100.00,100.00,100.00,10000
XAE2,2017-01-01,00:00:00,100.00,100.00,100.00,100.00,10000
XAE2,2017-03-20,00:00:00,100.00,100.00,100.00,100.00,10000
XAE2,2010-10-10,22:33:07,100.00,100.00,100.00,100.00,10000
XAE2,2017-01-01,00:00:00,100.00,14.44,14.44,14.44,35
XAE2,2017-03-17,00:00:00,14.44,14.70,14.54,14.70,533
XAE2,2010-10-10,22:33:07,14.54,14.80,14.80,14.80,70
XAE2,2017-03-16,00:00:00,14.80,14.70,14.47,14.70,1016
XAE2,2017-03-15,00:00:00,14.47,14.28,14.27,14.28,189
XAE2,2017-01-01,00:00:00,14.27,14.23,14.23,14.23,74
XAE2,2017-03-14,00:00:00,14.23,13.99,13.99,13.99,85
XAE2,2010-10-10,22:33:07,13.99,14.18,13.65,14.18,600
XAE2,2017-03-13,00:00:00,13.84,13.75,13.50,13.50,1335
XAE2,2017-03-10,00:00:00,13.75,14.20,13.95,13.95,1215
XAE2,2017-03-09,00:00:00,14.20,14.40,14.40,14.40,196
XAE2,2017-03-08,00:00:00,14.40,14.55,14.46,14.46,581
XAE2,2017-03-07,00:00:00,14.55,100.00,100.00,100.00,10000
XAE2,2017-03-06,00:00:00,100.00,100.00,100.00,100.00,10000
XAE2,2017-03-03,00:00:00,100.00,14.66,14.66,14.66,254
XAE2,2017-03-02,00:00:00,14.66,100.00,100.00,100.00,10000
XAE2,2017-03-01,00:00:00,100.00,100.00,100.00,100.00,10000
XAE2,2017-02-28,00:00:00,100.00,14.20,14.20,14.20,5
XAE2,2017-02-27,00:00:00,14.20,14.30,14.30,14.30,300
XAE2,2017-02-24,00:00:00,14.30,14.50,14.50,14.50,700
XAE2,2017-02-23,00:00:00,14.50,100.00,100.00,100.00,10000
XAE2,2017-02-22,00:00:00,100.00,100.00,100.00,100.00,10000
XAE2,2017-02-21,00:00:00,100.00,14.75,14.75,14.75,100
XAE2,2017-02-20,00:00:00,14.75,100.00,100.00,100.00,10000
XAE2,2017-02-17,00:00:00,100.00,100.00,100.00,100.00,10000
XAE2,2017-02-16,00:00:00,100.00,14.66,14.40,14.66,233
XAE2,2017-02-15,00:00:00,14.40,14.42,14.20,14.42,137
XAE2,2017-02-14,00:00:00,14.20,100.00,100.00,100.00,10000
XAE2,2017-02-13,00:00:00,100.00,100.00,100.00,100.00,10000
XAE2,2017-02-10,00:00:00,100.00,14.20,14.20,14.20,170
XAE2,2017-02-09,00:00:00,14.20,13.30,13.29,13.30,1373
XAE2,2017-01-01,00:00:00,13.29,13.61,13.08,13.08,609
XAE2,2017-02-08,00:00:00,13.61,100.00,100.00,100.00,10000
XAE2,2010-10-10,22:33:07,100.00,100.00,100.00,100.00,10000
XAE2,2017-01-01,00:00:00,100.00,100.00,100.00,100.00,10000
XAE2,2017-02-07,00:00:00,100.00,100.00,100.00,100.00,10000
XAE2,2010-10-10,22:33:07,100.00,13.88,13.88,13.88,60
XAE2,2017-02-06,00:00:00,13.88,13.62,13.60,13.60,741
XAE2,2017-02-03,00:00:00,13.62,13.60,13.60,13.60,305
XAE2,2017-02-02,00:00:00,13.60,13.70,13.70,13.70,541
XAE2,2017-02-01,00:00:00,13.70,13.69,13.42,13.69,2626
XAE2,2017-01-31,00:00:00,13.42,13.25,13.25,13.25,99
XAE2,2017-01-30,00:00:00,13.25,100.00,100.00,100.00,10000
XAE2,2017-01-27,00:00:00,100.00,100.00,100.00,100.00,10000
XAE2,2017-01-26,00:00:00,100.00,13.25,13.10,13.10,383
XAE2,2017-01-25,00:00:00,13.25,13.13,12.78,13.13,1024
XAE2,2017-01-24,00:00:00,12.78,100.00,100.00,100.00,10000
XAE2,2017-01-23,00:00:00,100.00,100.00,100.00,100.00,10000
XAE2,2017-01-20,00:00:00,100.00,13.02,13.02,13.02,319
XAE2,2017-01-01,00:00:00,13.02,13.28,12.52,13.27,862
XAE2,2017-01-19,00:00:00,12.52,12.76,12.76,12.76,220
XAE2,2010-10-10,22:33:07,12.76,12.99,12.70,12.99,351
XAE2,2017-01-18,00:00:00,12.70,12.20,11.85,12.20,2774
XAE2,2017-01-01,00:00:00,11.85,11.70,11.70,11.70,300
XAE2,2017-01-17,00:00:00,11.70,11.55,11.50,11.55,645
XAE2,2010-10-10,22:33:07,11.50,11.62,11.20,11.62,765
XAE2,2017-01-16,00:00:00,11.20,100.00,100.00,100.00,10000
XAE2,2017-01-13,00:00:00,100.00,100.00,100.00,100.00,10000
XAE2,2017-01-12,00:00:00,100.00,100.00,100.00,100.00,10000
XAE2,2017-01-01,00:00:00,100.00,100.00,100.00,100.00,10000
XAE2,2017-01-11,00:00:00,100.00,100.00,100.00,100.00,10000
XAE2,2010-10-10,22:33:07,100.00,100.00,100.00,100.00,10000
XAE2,2017-01-10,00:00:00,100.00,11.91,11.68,11.68,681
XAE2,2017-01-01,00:00:00,11.91,100.00,100.00,100.00,10000
XAE2,2017-01-09,00:00:00,100.00,100.00,100.00,100.00,10000
XAE2,2010-10-10,22:33:07,100.00,12.40,12.06,12.06,207
XAE2,2017-01-06,00:00:00,12.40,12.75,12.42,12.42,870
XAE2,2017-01-05,00:00:00,12.75,12.75,12.75,12.75,46
XAE2,2017-01-01,00:00:00,12.75,100.00,100.00,100.00,10000
XAE2,2017-01-04,00:00:00,100.00,100.00,100.00,100.00,10000
XAE2,2010-10-10,22:33:07,100.00,12.76,12.75,12.75,559
XAE2,2017-01-03,00:00:00,12.76,100.00,100.00,100.00,10000
XAE2,2017-01-02,00:00:00,100.00,100.00,100.00,100.00,10000
XAE2,2016-12-30,00:00:00,100.00,100.00,100.00,100.00,10000
XAE2,2017-01-01,00:00:00,100.00,100.00,100.00,100.00,10000
XAE2,2016-12-29,00:00:00,100.00,100.00,100.00,100.00,10000
XAE2,2010-10-10,22:33:07,100.00,100.00,100.00,100.00,10000
XAE2,2017-01-01,00:00:00,100.00,100.00,100.00,100.00,10000
XAE2,2016-12-28,00:00:00,100.00,100.00,100.00,100.00,10000
XAE2,2010-10-10,22:33:07,100.00,100.00,100.00,100.00,10000
XAE2,2016-12-27,00:00:00,100.00,100.00,100.00,100.00,10000
XAE2,2016-12-23,00:00:00,100.00,13.00,13.00,13.00,250
XAE2,2016-12-22,00:00:00,13.00,12.90,12.90,12.90,1
XAE2,2016-12-21,00:00:00,12.90,100.00,100.00,100.00,10000
XAE2,2016-12-20,00:00:00,100.00,100.00,100.00,100.00,10000
XAE2,2016-12-19,00:00:00,100.00,100.00,100.00,100.00,10000
XAE2,2017-01-01,00:00:00,100.00,100.00,100.00,100.00,10000
XAE2,2016-12-16,00:00:00,100.00,100.00,100.00,100.00,10000
XAE2,2010-10-10,22:33:07,100.00,100.00,100.00,100.00,10000
XAE2,2016-12-15,00:00:00,100.00,100.00,100.00,100.00,10000
XAE2,2016-12-14,00:00:00,100.00,100.00,100.00,100.00,10000
XAE2,2017-01-01,00:00:00,100.00,100.00,100.00,100.00,10000
XAE2,2016-12-13,00:00:00,100.00,100.00,100.00,100.00,10000
XAE2,2010-10-10,22:33:07,100.00,100.00,100.00,100.00,10000
XAE2,2016-12-12,00:00:00,100.00,100.00,100.00,100.00,10000
XAE2,2016-12-09,00:00:00,100.00,100.00,100.00,100.00,10000
XAE2,2016-12-08,00:00:00,100.00,100.00,100.00,100.00,10000
XAE2,2016-12-07,00:00:00,100.00,100.00,100.00,100.00,10000
XAE2,2016-12-06,00:00:00,100.00,100.00,100.00,100.00,10000
XAE2,2016-12-05,00:00:00,100.00,100.00,100.00,100.00,10000
XAE2,2016-12-02,00:00:00,100.00,100.00,100.00,100.00,10000
XAE2,2016-12-01,00:00:00,100.00,13.20,13.20,13.20,300
XAE2,2017-01-01,00:00:00,13.20,100.00,100.00,100.00,10000
XAE2,2016-11-30,00:00:00,100.00,100.00,100.00,100.00,10000
XAE2,2010-10-10,22:33:07,100.00,100.00,100.00,100.00,10000
XAE2,2017-01-01,00:00:00,100.00,100.00,100.00,100.00,10000
XAE2,2016-11-29,00:00:00,100.00,13.87,13.55,13.84,2223
XAE2,2010-10-10,22:33:07,13.55,13.62,13.62,13.62,48
XAE2,2017-01-01,00:00:00,13.62,100.00,100.00,100.00,10000
XAE2,2016-11-28,00:00:00,100.00,100.00,100.00,100.00,10000
XAE2,2010-10-10,22:33:07,100.00,13.60,13.60,13.60,2
XAE2,2016-11-25,00:00:00,13.60,100.00,100.00,100.00,10000
XAE2,2017-01-01,00:00:00,100.00,100.00,100.00,100.00,10000
XAE2,2016-11-24,00:00:00,100.00,13.80,13.80,13.80,53
XAE2,2010-10-10,22:33:07,13.80,13.80,13.80,13.80,340
XAE2,2016-11-23,00:00:00,13.80,14.20,14.20,14.20,215
XAE2,2016-11-22,00:00:00,14.20,100.00,100.00,100.00,10000
XAE2,2016-11-21,00:00:00,100.00,100.00,100.00,100.00,10000
XAE2,2017-01-01,00:00:00,100.00,13.95,13.95,13.95,30
XAE2,2016-11-18,00:00:00,13.95,14.06,14.06,14.06,110
XAE2,2010-10-10,22:33:07,14.06,100.00,100.00,100.00,10000
XAE2,2016-11-17,00:00:00,100.00,100.00,100.00,100.00,10000
XAE2,2017-01-01,00:00:00,100.00,100.00,100.00,100.00,10000
XAE2,2016-11-16,00:00:00,100.00,100.00,100.00,100.00,10000
XAE2,2010-10-10,22:33:07,100.00,14.70,14.43,14.43,335
XAE2,2017-01-01,00:00:00,14.70,14.70,14.70,14.70,20
XAE2,2016-11-15,00:00:00,14.70,14.70,14.70,14.70,13
XAE2,2010-10-10,22:33:07,14.70,14.70,14.70,14.70,140
XAE2,2017-01-01,00:00:00,14.70,100.00,100.00,100.00,10000
XAE2,2016-11-14,00:00:00,100.00,100.00,100.00,100.00,10000
XAE2,2010-10-10,22:33:07,100.00,100.00,100.00,100.00,10000
XAE2,2017-01-01,00:00:00,100.00,100.00,100.00,100.00,10000
XAE2,2016-11-11,00:00:00,100.00,100.00,100.00,100.00,10000
XAE2,2010-10-10,22:33:07,100.00,100.00,100.00,100.00,10000
XAE2,2017-01-01,00:00:00,100.00,14.80,14.64,14.80,231
XAE2,2016-11-10,00:00:00,14.68,14.78,14.25,14.48,1610
XAE2,2010-10-10,22:33:07,14.25,13.80,13.80,13.80,3
XAE2,2016-11-09,00:00:00,13.80,13.84,13.84,13.84,2
XAE2,2016-11-08,00:00:00,13.84,100.00,100.00,100.00,10000
XAE2,2017-01-01,00:00:00,100.00,100.00,100.00,100.00,10000
XAE2,2016-11-07,00:00:00,100.00,100.00,100.00,100.00,10000
XAE2,2010-10-10,22:33:07,100.00,100.00,100.00,100.00,10000
XAE2,2017-01-01,00:00:00,100.00,14.00,13.88,13.88,87
XAE2,2016-11-04,00:00:00,14.00,14.74,13.89,14.39,959
XAE2,2010-10-10,22:33:07,14.74,15.52,15.10,15.10,837
XAE2,2017-01-01,00:00:00,15.52,16.34,15.56,15.80,5149
XAE2,2016-11-03,00:00:00,15.56,15.90,14.52,15.90,1517
XAE2,2010-10-10,22:33:07,14.52,14.52,14.30,14.30,603
XAE2,2017-01-01,00:00:00,14.52,14.18,14.18,14.18,240
XAE2,2016-11-02,00:00:00,14.18,14.22,13.95,14.22,184
XAE2,2010-10-10,22:33:07,13.95,13.80,13.70,13.80,1457
XAE2,2017-01-01,00:00:00,13.70,100.00,100.00,100.00,10000
XAE2,2016-11-01,00:00:00,100.00,100.00,100.00,100.00,10000
XAE2,2010-10-10,22:33:07,100.00,100.00,100.00,100.00,10000
XAE2,2017-01-01,00:00:00,100.00,100.00,100.00,100.00,10000
XAE2,2016-10-31,00:00:00,100.00,100.00,100.00,100.00,10000
XAE2,2010-10-10,22:33:07,100.00,100.00,100.00,100.00,10000
XAE2,2017-01-01,00:00:00,100.00,13.50,13.50,13.50,320
XAE2,2016-10-28,00:00:00,13.50,13.50,13.50,13.50,290
XAE2,2010-10-10,22:33:07,13.50,13.50,13.50,13.50,300
XAE2,2017-01-01,00:00:00,13.50,13.48,13.31,13.31,992
XAE2,2016-10-27,00:00:00,13.48,13.60,13.20,13.50,1898
XAE2,2010-10-10,22:33:07,13.20,13.05,13.00,13.05,450
XAE2,2017-01-01,00:00:00,13.00,12.95,12.20,12.95,3891
XAE2,2016-10-26,00:00:00,12.20,11.88,11.88,11.88,62
XAE2,2010-10-10,22:33:07,11.88,12.04,10.70,12.04,6024
XAE2,2016-10-25,00:00:00,10.70,100.00,100.00,100.00,10000
XAE2,2017-01-01,00:00:00,100.00,100.00,100.00,100.00,10000
XAE2,2016-10-24,00:00:00,100.00,11.00,10.70,11.00,1315
XAE2,2010-10-10,22:33:07,10.80,11.10,10.80,10.80,1053
XAE2,2017-01-01,00:00:00,11.10,100.00,100.00,100.00,10000
XAE2,2016-10-21,00:00:00,100.00,100.00,100.00,100.00,10000
XAE2,2010-10-10,22:33:07,100.00,11.21,11.21,11.21,350
XAE2,2016-10-20,00:00:00,11.21,10.82,10.82,10.82,5
XAE2,2016-10-19,00:00:00,10.82,10.86,10.86,10.86,30
XAE2,2017-01-01,00:00:00,10.86,100.00,100.00,100.00,10000
XAE2,2016-10-18,00:00:00,100.00,100.00,100.00,100.00,10000
XAE2,2010-10-10,22:33:07,100.00,100.00,100.00,100.00,10000
XAE2,2016-10-17,00:00:00,100.00,100.00,100.00,100.00,10000
XAE2,2017-01-01,00:00:00,100.00,100.00,100.00,100.00,10000
XAE2,2016-10-14,00:00:00,100.00,100.00,100.00,100.00,10000
XAE2,2010-10-10,22:33:07,100.00,100.00,100.00,100.00,10000
XAE2,2016-10-13,00:00:00,100.00,100.00,100.00,100.00,10000
XAE2,2016-10-12,00:00:00,100.00,100.00,100.00,100.00,10000
XAE2,2016-10-11,00:00:00,100.00,100.00,100.00,100.00,10000
XAE2,2017-01-01,00:00:00,100.00,11.16,11.16,11.16,483
XAE2,2016-10-10,00:00:00,11.16,100.00,100.00,100.00,10000
XAE2,2010-10-10,22:33:07,100.00,100.00,100.00,100.00,10000
XAE2,2016-10-07,00:00:00,100.00,11.34,11.20,11.34,1012
XAE2,2016-10-06,00:00:00,11.20,11.01,11.00,11.01,1488
XAE2,2017-01-01,00:00:00,11.00,10.86,10.86,10.86,66
XAE2,2016-10-05,00:00:00,10.86,100.00,100.00,100.00,10000
XAE2,2010-10-10,22:33:07,100.00,100.00,100.00,100.00,10000
XAE2,2017-01-01,00:00:00,100.00,10.94,10.94,10.94,185
XAE2,2016-10-04,00:00:00,10.94,100.00,100.00,100.00,10000
XAE2,2010-10-10,22:33:07,100.00,100.00,100.00,100.00,10000
XAE2,2016-09-30,00:00:00,100.00,100.00,100.00,100.00,10000
XAE2,2016-09-29,00:00:00,100.00,100.00,100.00,100.00,10000
XAE2,2016-09-28,00:00:00,100.00,11.00,11.00,11.00,130
XAE2,2016-09-27,00:00:00,11.00,11.00,11.00,11.00,38
XAE2,2017-01-01,00:00:00,11.00,100.00,100.00,100.00,10000
XAE2,2016-09-26,00:00:00,100.00,100.00,100.00,100.00,10000
XAE2,2010-10-10,22:33:07,100.00,11.06,11.06,11.06,192
XAE2,2017-01-01,00:00:00,11.06,100.00,100.00,100.00,10000
XAE2,2016-09-23,00:00:00,100.00,100.00,100.00,100.00,10000
XAE2,2010-10-10,22:33:07,100.00,100.00,100.00,100.00,10000
XAE2,2017-01-01,00:00:00,100.00,100.00,100.00,100.00,10000
XAE2,2016-09-22,00:00:00,100.00,100.00,100.00,100.00,10000
XAE2,2010-10-10,22:33:07,100.00,100.00,100.00,100.00,10000
XAE2,2016-09-21,00:00:00,100.00,100.00,100.00,100.00,10000
XAE2,2016-09-20,00:00:00,100.00,100.00,100.00,100.00,10000
XAE2,2016-09-19,00:00:00,100.00,100.00,100.00,100.00,10000
XAE2,2016-09-16,00:00:00,100.00,100.00,100.00,100.00,10000
XAE2,2017-01-01,00:00:00,100.00,100.00,100.00,100.00,10000
XAE2,2016-09-15,00:00:00,100.00,100.00,100.00,100.00,10000
XAE2,2010-10-10,22:33:07,100.00,11.20,11.20,11.20,150
XAE2,2017-01-01,00:00:00,11.20,11.42,11.42,11.42,4
XAE2,2016-09-14,00:00:00,11.42,100.00,100.00,100.00,10000
XAE2,2010-10-10,22:33:07,100.00,100.00,100.00,100.00,10000
XAE2,2016-09-13,00:00:00,100.00,100.00,100.00,100.00,10000
XAE2,2016-09-12,00:00:00,100.00,100.00,100.00,100.00,10000
XAE2,2016-09-09,00:00:00,100.00,11.62,11.44,11.62,2448
XAE2,2016-09-08,00:00:00,11.44,11.66,11.66,11.66,645
XAE2,2016-09-07,00:00:00,11.66,100.00,100.00,100.00,10000
XAE2,2016-09-06,00:00:00,100.00,100.00,100.00,100.00,10000
XAE2,2016-09-05,00:00:00,100.00,100.00,100.00,100.00,10000
XAE2,2016-09-02,00:00:00,100.00,100.00,100.00,100.00,10000
XAE2,2016-09-01,00:00:00,100.00,12.60,11.34,12.00,5234
XAE2,2017-01-01,00:00:00,11.70,100.00,100.00,100.00,10000
XAE2,2016-08-31,00:00:00,100.00,100.00,100.00,100.00,10000
XAE2,2010-10-10,22:33:07,100.00,11.80,11.80,11.80,100
XAE2,2017-01-01,00:00:00,11.80,100.00,100.00,100.00,10000
XAE2,2016-08-30,00:00:00,100.00,100.00,100.00,100.00,10000
XAE2,2010-10-10,22:33:07,100.00,100.00,100.00,100.00,10000
XAE2,2017-01-01,00:00:00,100.00,100.00,100.00,100.00,10000
XAE2,2016-08-29,00:00:00,100.00,11.88,11.88,11.88,14
XAE2,2010-10-10,22:33:07,11.88,12.10,12.10,12.10,160
XAE2,2016-08-26,00:00:00,12.10,12.32,12.32,12.32,10
XAE2,2016-08-25,00:00:00,12.32,100.00,100.00,100.00,10000
XAE2,2016-08-24,00:00:00,100.00,100.00,100.00,100.00,10000
XAE2,2016-08-23,00:00:00,100.00,12.12,12.10,12.12,120
XAE2,2016-08-22,00:00:00,12.10,11.90,11.73,11.90,1489
XAE2,2016-08-19,00:00:00,11.74,11.80,11.80,11.80,600
XAE2,2016-08-18,00:00:00,11.80,11.96,11.85,11.94,1305
XAE2,2016-08-17,00:00:00,11.85,11.75,11.75,11.75,214
XAE2,2016-08-16,00:00:00,11.75,11.40,11.40,11.40,200
XAE2,2017-01-01,00:00:00,11.40,11.55,11.39,11.55,1718
XAE2,2016-08-15,00:00:00,11.39,100.00,100.00,100.00,10000
XAE2,2010-10-10,22:33:07,100.00,100.00,100.00,100.00,10000
XAE2,2016-08-12,00:00:00,100.00,100.00,100.00,100.00,10000
XAE2,2016-08-11,00:00:00,100.00,100.00,100.00,100.00,10000
XAE2,2017-01-01,00:00:00,100.00,100.00,100.00,100.00,10000
XAE2,2016-08-10,00:00:00,100.00,100.00,100.00,100.00,10000
XAE2,2010-10-10,22:33:07,100.00,11.14,11.14,11.14,749
XAE2,2016-08-09,00:00:00,11.14,100.00,100.00,100.00,10000
XAE2,2016-08-08,00:00:00,100.00,100.00,100.00,100.00,10000
XAE2,2016-08-05,00:00:00,100.00,11.48,11.48,11.48,190
XAE2,2017-01-01,00:00:00,11.48,100.00,100.00,100.00,10000
XAE2,2016-08-04,00:00:00,100.00,100.00,100.00,100.00,10000
XAE2,2010-10-10,22:33:07,100.00,11.30,11.30,11.30,180
XAE2,2017-01-01,00:00:00,11.30,100.00,100.00,100.00,10000
XAE2,2016-08-03,00:00:00,100.00,100.00,100.00,100.00,10000
XAE2,2010-10-10,22:33:07,100.00,100.00,100.00,100.00,10000
XAE2,2017-01-01,00:00:00,100.00,100.00,100.00,100.00,10000
XAE2,2016-08-02,00:00:00,100.00,100.00,100.00,100.00,10000
XAE2,2010-10-10,22:33:07,100.00,100.00,100.00,100.00,10000
XAE2,2017-01-01,00:00:00,100.00,100.00,100.00,100.00,10000
XAE2,2016-08-01,00:00:00,100.00,100.00,100.00,100.00,10000
XAE2,2010-10-10,22:33:07,100.00,100.00,100.00,100.00,10000
XAE2,2017-01-01,00:00:00,100.00,100.00,100.00,100.00,10000
XAE2,2016-07-29,00:00:00,100.00,100.00,100.00,100.00,10000
XAE2,2010-10-10,22:33:07,100.00,100.00,100.00,100.00,10000
XAE2,2016-07-28,00:00:00,100.00,11.51,11.51,11.51,430
XAE2,2017-01-01,00:00:00,11.51,11.55,11.30,11.30,300
XAE2,2016-07-27,00:00:00,11.55,100.00,100.00,100.00,10000
XAE2,2010-10-10,22:33:07,100.00,100.00,100.00,100.00,10000
XAE2,2016-07-26,00:00:00,100.00,100.00,100.00,100.00,10000
XAE2,2016-07-25,00:00:00,100.00,100.00,100.00,100.00,10000
XAE2,2016-07-22,00:00:00,100.00,11.71,11.30,11.71,3024
XAE2,2017-01-01,00:00:00,11.68,12.00,11.97,11.97,850
XAE2,2016-07-21,00:00:00,12.00,12.20,12.20,12.20,17
XAE2,2010-10-10,22:33:07,12.20,12.30,12.30,12.30,800
XAE2,2016-07-20,00:00:00,12.30,100.00,100.00,100.00,10000
XAE2,2017-01-01,00:00:00,100.00,100.00,100.00,100.00,10000
XAE2,2016-07-19,00:00:00,100.00,100.00,100.00,100.00,10000
XAE2,2010-10-10,22:33:07,100.00,100.00,100.00,100.00,10000
XAE2,2017-01-01,00:00:00,100.00,12.40,12.39,12.39,100
XAE2,2016-07-18,00:00:00,12.40,12.65,12.65,12.65,96
XAE2,2010-10-10,22:33:07,12.65,12.65,12.65,12.65,105
XAE2,2016-07-15,00:00:00,12.65,100.00,100.00,100.00,10000
XAE2,2016-07-14,00:00:00,100.00,100.00,100.00,100.00,10000
XAE2,2017-01-01,00:00:00,100.00,12.65,12.65,12.65,17
XAE2,2016-07-13,00:00:00,12.65,12.65,12.65,12.65,128
XAE2,2010-10-10,22:33:07,12.65,12.66,12.66,12.66,10
XAE2,2016-07-12,00:00:00,12.66,12.66,12.66,12.66,60
XAE2,2017-01-01,00:00:00,12.66,100.00,100.00,100.00,10000
XAE2,2016-07-11,00:00:00,100.00,100.00,100.00,100.00,10000
XAE2,2010-10-10,22:33:07,100.00,12.76,12.75,12.75,234
XAE2,2017-01-01,00:00:00,12.76,12.76,12.76,12.76,1
XAE2,2016-07-08,00:00:00,12.76,100.00,100.00,100.00,10000
XAE2,2010-10-10,22:33:07,100.00,100.00,100.00,100.00,10000
XAE2,2017-01-01,00:00:00,100.00,12.85,12.85,12.85,26
XAE2,2016-07-07,00:00:00,12.85,12.90,12.75,12.85,267
XAE2,2010-10-10,22:33:07,12.90,12.90,12.90,12.90,20
XAE2,2017-01-01,00:00:00,12.90,100.00,100.00,100.00,10000
XAE2,2016-07-06,00:00:00,100.00,100.00,100.00,100.00,10000
XAE2,2010-10-10,22:33:07,100.00,100.00,100.00,100.00,10000
XAE2,2017-01-01,00:00:00,100.00,100.00,100.00,100.00,10000
XAE2,2016-07-05,00:00:00,100.00,100.00,100.00,100.00,10000
XAE2,2010-10-10,22:33:07,100.00,100.00,100.00,100.00,10000
XAE2,2017-01-01,00:00:00,100.00,100.00,100.00,100.00,10000
XAE2,2016-07-04,00:00:00,100.00,100.00,100.00,100.00,10000
XAE2,2010-10-10,22:33:07,100.00,100.00,100.00,100.00,10000
XAE2,2016-07-01,00:00:00,100.00,100.00,100.00,100.00,10000
XAE2,2016-06-30,00:00:00,100.00,100.00,100.00,100.00,10000
XAE2,2017-01-01,00:00:00,100.00,100.00,100.00,100.00,10000
XAE2,2016-06-29,00:00:00,100.00,100.00,100.00,100.00,10000
XAE2,2010-10-10,22:33:07,100.00,100.00,100.00,100.00,10000
XAE2,2017-01-01,00:00:00,100.00,100.00,100.00,100.00,10000
XAE2,2016-06-28,00:00:00,100.00,100.00,100.00,100.00,10000
XAE2,2010-10-10,22:33:07,100.00,100.00,100.00,100.00,10000
XAE2,2016-06-27,00:00:00,100.00,100.00,100.00,100.00,10000
XAE2,2016-06-24,00:00:00,100.00,100.00,100.00,100.00,10000
XAE2,2017-01-01,00:00:00,100.00,100.00,100.00,100.00,10000
XAE2,2016-06-23,00:00:00,100.00,100.00,100.00,100.00,10000
XAE2,2010-10-10,22:33:07,100.00,100.00,100.00,100.00,10000
XAE2,2017-01-01,00:00:00,100.00,12.90,12.90,12.90,40
XAE2,2016-06-22,00:00:00,12.90,100.00,100.00,100.00,10000
XAE2,2010-10-10,22:33:07,100.00,100.00,100.00,100.00,10000
XAE2,2016-06-21,00:00:00,100.00,13.06,13.06,13.06,33
XAE2,2017-01-01,00:00:00,13.06,100.00,100.00,100.00,10000
XAE2,2016-06-20,00:00:00,100.00,100.00,100.00,100.00,10000
XAE2,2010-10-10,22:33:07,100.00,13.30,13.30,13.30,951
XAE2,2016-06-17,00:00:00,13.30,13.30,13.30,13.30,1168
XAE2,2017-01-01,00:00:00,13.30,100.00,100.00,100.00,10000
XAE2,2016-06-16,00:00:00,100.00,100.00,100.00,100.00,10000
XAE2,2010-10-10,22:33:07,100.00,100.00,100.00,100.00,10000
XAE2,2017-01-01,00:00:00,100.00,100.00,100.00,100.00,10000
XAE2,2016-06-15,00:00:00,100.00,100.00,100.00,100.00,10000
XAE2,2010-10-10,22:33:07,100.00,100.00,100.00,100.00,10000
XAE2,2016-06-14,00:00:00,100.00,13.75,13.75,13.75,18
XAE2,2016-06-13,00:00:00,13.75,100.00,100.00,100.00,10000
XAE2,2016-06-10,00:00:00,100.00,100.00,100.00,100.00,10000
XAE2,2017-01-01,00:00:00,100.00,100.00,100.00,100.00,10000
XAE2,2016-06-09,00:00:00,100.00,100.00,100.00,100.00,10000
XAE2,2010-10-10,22:33:07,100.00,14.00,14.00,14.00,200
XAE2,2016-06-08,00:00:00,14.00,14.00,14.00,14.00,172
XAE2,2016-06-07,00:00:00,14.00,14.00,13.60,14.00,3276
XAE2,2016-06-06,00:00:00,13.60,13.50,13.50,13.50,1865
XAE2,2016-06-03,00:00:00,13.50,13.50,13.50,13.50,28
XAE2,2016-06-02,00:00:00,13.50,13.60,13.50,13.50,1455
XAE2,2016-06-01,00:00:00,13.50,13.50,13.50,13.50,80
XAE2,2016-05-31,00:00:00,13.50,13.50,13.50,13.50,500
XAE2,2017-01-01,00:00:00,13.50,13.50,13.50,13.50,637
XAE2,2016-05-30,00:00:00,13.50,13.50,13.50,13.50,27
XAE2,2010-10-10,22:33:07,13.50,13.69,13.15,13.69,974
XAE2,2017-01-01,00:00:00,13.15,13.30,13.15,13.15,973
XAE2,2016-05-27,00:00:00,13.30,13.72,13.30,13.72,210
XAE2,2010-10-10,22:33:07,13.30,13.50,13.50,13.50,150
XAE2,2017-01-01,00:00:00,13.50,13.95,13.60,13.60,2750
XAE2,2016-05-26,00:00:00,13.95,14.20,14.19,14.19,428
XAE2,2010-10-10,22:33:07,14.20,14.45,14.45,14.45,345
XAE2,2016-05-25,00:00:00,14.45,14.20,13.42,14.20,3036
XAE2,2017-01-01,00:00:00,13.42,13.27,12.70,13.27,3178
XAE2,2016-05-24,00:00:00,12.70,12.65,12.27,12.65,2502
XAE2,2010-10-10,22:33:07,12.35,12.50,12.50,12.50,300
XAE2,2016-05-23,00:00:00,12.50,12.75,12.65,12.75,654
XAE2,2017-01-01,00:00:00,12.65,100.00,100.00,100.00,10000
XAE2,2016-05-20,00:00:00,100.00,100.00,100.00,100.00,10000
XAE2,2010-10-10,22:33:07,100.00,100.00,100.00,100.00,10000
XAE2,2016-05-19,00:00:00,100.00,100.00,100.00,100.00,10000
XAE2,2017-01-01,00:00:00,100.00,100.00,100.00,100.00,10000
XAE2,2016-05-18,00:00:00,100.00,100.00,100.00,100.00,10000
XAE2,2010-10-10,22:33:07,100.00,12.75,12.75,12.75,265
XAE2,2017-01-01,00:00:00,12.75,12.76,12.76,12.76,800
XAE2,2016-05-17,00:00:00,12.76,12.84,12.80,12.80,857
XAE2,2010-10-10,22:33:07,12.84,12.84,12.84,12.84,10
XAE2,2017-01-01,00:00:00,12.84,13.00,13.00,13.00,330
XAE2,2016-05-13,00:00:00,13.00,13.44,13.00,13.00,3251
XAE2,2010-10-10,22:33:07,13.44,13.50,13.21,13.21,1320
XAE2,2017-01-01,00:00:00,13.40,13.17,12.60,13.17,1961
XAE2,2016-05-12,00:00:00,12.60,12.55,12.42,12.55,1304
XAE2,2010-10-10,22:33:07,12.42,12.20,12.20,12.20,100
XAE2,2017-01-01,00:00:00,12.20,12.41,12.38,12.38,989
XAE2,2016-05-11,00:00:00,12.41,12.44,12.41,12.41,621
XAE2,2010-10-10,22:33:07,12.44,12.60,12.60,12.60,113
XAE2,2017-01-01,00:00:00,12.60,12.60,12.60,12.60,314
XAE2,2016-05-10,00:00:00,12.60,12.50,12.50,12.50,300
XAE2,2010-10-10,22:33:07,12.50,100.00,100.00,100.00,10000
XAE2,2016-05-09,00:00:00,100.00,100.00,100.00,100.00,10000
XAE2,2016-05-06,00:00:00,100.00,12.84,12.70,12.84,10
XAE2,2017-01-01,00:00:00,12.70,12.70,12.65,12.65,921
XAE2,2016-05-05,00:00:00,12.70,13.00,12.70,13.00,149
XAE2,2010-10-10,22:33:07,12.70,12.88,12.88,12.88,201
XAE2,2017-01-01,00:00:00,12.88,13.12,13.12,13.12,10
XAE2,2016-05-04,00:00:00,13.12,13.12,12.85,13.12,37
XAE2,2010-10-10,22:33:07,12.85,100.00,100.00,100.00,10000
XAE2,2016-05-03,00:00:00,100.00,100.00,100.00,100.00,10000
XAE2,2016-05-02,00:00:00,100.00,13.85,13.15,13.15,1054
XAE2,2016-04-29,00:00:00,13.85,13.90,13.71,13.71,833
XAE2,2016-04-28,00:00:00,13.71,13.95,13.71,13.71,3170
XAE2,2017-01-01,00:00:00,13.71,13.48,13.00,13.48,720
XAE2,2016-04-27,00:00:00,13.00,13.12,13.00,13.00,700
XAE2,2010-10-10,22:33:07,13.12,12.82,12.60,12.82,974
XAE2,2017-01-01,00:00:00,12.60,12.36,12.36,12.36,200
XAE2,2016-04-26,00:00:00,12.36,12.50,12.50,12.50,600
XAE2,2010-10-10,22:33:07,12.50,12.59,12.41,12.59,1350
XAE2,2016-04-25,00:00:00,12.49,12.37,12.35,12.37,500
XAE2,2016-04-22,00:00:00,12.35,12.35,12.15,12.15,147
XAE2,2016-04-21,00:00:00,12.35,12.35,12.35,12.35,3
XAE2,2017-01-01,00:00:00,12.35,13.15,12.36,12.39,1860
XAE2,2016-04-20,00:00:00,13.15,13.38,13.38,13.38,50
XAE2,2010-10-10,22:33:07,13.38,13.65,13.20,13.48,1606
XAE2,2016-04-19,00:00:00,13.50,100.00,100.00,100.00,10000
XAE2,2016-04-18,00:00:00,100.00,100.00,100.00,100.00,10000
XAE2,2016-04-15,00:00:00,100.00,14.00,14.00,14.00,700
XAE2,2016-04-14,00:00:00,14.00,14.15,14.15,14.15,8
XAE2,2017-01-01,00:00:00,14.15,14.25,14.25,14.25,100
XAE2,2016-04-13,00:00:00,14.25,100.00,100.00,100.00,10000
XAE2,2010-10-10,22:33:07,100.00,100.00,100.00,100.00,10000
XAE2,2016-04-12,00:00:00,100.00,100.00,100.00,100.00,10000
XAE2,2016-04-11,00:00:00,100.00,100.00,100.00,100.00,10000
XAE2,2017-01-01,00:00:00,100.00,100.00,100.00,100.00,10000
XAE2,2016-04-08,00:00:00,100.00,100.00,100.00,100.00,10000
XAE2,2010-10-10,22:33:07,100.00,14.86,14.86,14.86,450
XAE2,2016-04-07,00:00:00,14.86,100.00,100.00,100.00,10000
XAE2,2016-04-06,00:00:00,100.00,100.00,100.00,100.00,10000
XAE2,2016-04-05,00:00:00,100.00,100.00,100.00,100.00,10000
XAE2,2017-01-01,00:00:00,100.00,100.00,100.00,100.00,10000
XAE2,2016-04-04,00:00:00,100.00,14.58,14.58,14.58,150
XAE2,2010-10-10,22:33:07,14.58,14.58,14.58,14.58,307
XAE2,2017-01-01,00:00:00,14.58,14.80,14.80,14.80,69
XAE2,2016-04-01,00:00:00,14.80,14.81,14.81,14.81,301
XAE2,2010-10-10,22:33:07,14.81,15.00,14.81,14.81,600
XAE2,2017-01-01,00:00:00,15.00,15.05,15.00,15.05,356
XAE2,2016-03-31,00:00:00,15.00,15.00,15.00,15.00,1000
XAE2,2010-10-10,22:33:07,15.00,15.00,15.00,15.00,636
XAE2,2017-01-01,00:00:00,15.00,15.00,15.00,15.00,1764
XAE2,2016-03-30,00:00:00,15.00,15.10,15.00,15.00,1242
XAE2,2010-10-10,22:33:07,15.10,15.00,15.00,15.00,68
XAE2,2017-01-01,00:00:00,15.00,15.00,14.73,15.00,3558
XAE2,2016-03-29,00:00:00,14.73,100.00,100.00,100.00,10000
XAE2,2010-10-10,22:33:07,100.00,100.00,100.00,100.00,10000
XAE2,2017-01-01,00:00:00,100.00,14.70,14.50,14.70,21
XAE2,2016-03-24,00:00:00,14.50,100.00,100.00,100.00,10000
XAE2,2010-10-10,22:33:07,100.00,100.00,100.00,100.00,10000
XAE2,2017-01-01,00:00:00,100.00,14.78,14.50,14.50,5910
XAE2,2016-03-23,00:00:00,14.73,15.00,14.73,15.00,6400
XAE2,2010-10-10,22:33:07,14.73,15.20,15.00,15.00,5546
XAE2,2017-01-01,00:00:00,15.10,15.50,15.00,15.50,1035
XAE2,2016-03-22,00:00:00,15.00,15.45,14.89,15.45,10435
XAE2,2010-10-10,22:33:07,14.89,15.15,15.00,15.15,2020
XAE2,2017-01-01,00:00:00,15.00,15.17,15.17,15.17,100
XAE2,2016-03-21,00:00:00,15.17,15.74,15.45,15.45,711
XAE2,2010-10-10,22:33:07,15.74,15.74,15.40,15.74,1363
XAE2,2017-01-01,00:00:00,15.60,15.22,14.97,15.20,302
XAE2,2016-03-18,00:00:00,14.97,15.20,14.80,14.95,1780
XAE2,2010-10-10,22:33:07,14.80,14.36,14.00,14.34,584
XAE2,2017-01-01,00:00:00,14.00,13.80,13.80,13.80,200
XAE2,2016-03-17,00:00:00,13.80,14.01,13.75,13.75,1182
XAE2,2010-10-10,22:33:07,13.75,13.50,13.45,13.50,554
XAE2,2016-03-16,00:00:00,13.45,13.47,13.23,13.47,2235
XAE2,2017-01-01,00:00:00,13.23,13.27,13.15,13.23,1958
XAE2,2016-03-15,00:00:00,13.15,13.00,13.00,13.00,120
XAE2,2010-10-10,22:33:07,13.00,13.00,13.00,13.00,1645
XAE2,2016-03-14,00:00:00,13.00,13.00,13.00,13.00,18
XAE2,2017-01-01,00:00:00,13.00,13.00,13.00,13.00,1265
XAE2,2016-03-11,00:00:00,13.00,13.00,13.00,13.00,1072
XAE2,2010-10-10,22:33:07,13.00,13.00,12.55,13.00,2127
XAE2,2016-03-10,00:00:00,12.55,12.50,12.50,12.50,1300
XAE2,2016-03-09,00:00:00,12.50,100.00,100.00,100.00,10000
XAE2,2017-01-01,00:00:00,100.00,100.00,100.00,100.00,10000
XAE2,2016-03-08,00:00:00,100.00,12.50,12.50,12.50,661
XAE2,2010-10-10,22:33:07,12.50,100.00,100.00,100.00,10000
XAE2,2017-01-01,00:00:00,100.00,100.00,100.00,100.00,10000
XAE2,2016-03-07,00:00:00,100.00,12.50,12.13,12.50,3021
XAE2,2010-10-10,22:33:07,12.13,12.00,12.00,12.00,480
XAE2,2017-01-01,00:00:00,12.00,12.01,12.00,12.00,301
XAE2,2016-03-04,00:00:00,12.01,12.18,11.05,12.18,4720
XAE2,2010-10-10,22:33:07,11.05,10.98,10.52,10.98,2617
XAE2,2016-03-03,00:00:00,10.56,10.75,10.75,10.75,20
XAE2,2017-01-01,00:00:00,10.75,10.57,10.57,10.57,709
XAE2,2016-03-02,00:00:00,10.57,10.57,10.56,10.57,1437
XAE2,2010-10-10,22:33:07,10.56,10.72,10.72,10.72,300
XAE2,2017-01-01,00:00:00,10.72,10.50,10.50,10.50,150
XAE2,2016-03-01,00:00:00,10.50,10.50,10.50,10.50,954
XAE2,2010-10-10,22:33:07,10.50,10.50,10.20,10.50,2752
XAE2,2016-02-29,00:00:00,10.47,10.59,10.27,10.29,3852
XAE2,2016-02-26,00:00:00,10.38,10.20,10.03,10.20,153
XAE2,2016-02-25,00:00:00,10.03,10.47,10.22,10.22,1444
XAE2,2016-02-24,00:00:00,10.29,10.40,10.26,10.29,5280
XAE2,2016-02-23,00:00:00,10.40,100.00,100.00,100.00,10000
XAE2,2016-02-22,00:00:00,100.00,100.00,100.00,100.00,10000
XAE2,2016-02-19,00:00:00,100.00,10.69,10.45,10.69,504
