AAPL,2017-06-09,00:00:00,155.19,155.19,146.02,148.98,64882657
AAPL,2017-06-08,00:00:00,155.25,155.54,154.40,154.99,21250798
AAPL,2017-06-07,00:00:00,155.02,155.98,154.48,155.37,21069647
AAPL,2017-06-06,00:00:00,153.90,155.81,153.78,154.45,26624926
AAPL,2017-06-05,00:00:00,154.34,154.45,153.46,153.93,25331662
AAPL,2017-06-02,00:00:00,153.58,155.45,152.89,155.45,27770715
AAPL,2017-06-01,00:00:00,153.17,153.33,152.22,153.18,16404088
AAPL,2017-05-31,00:00:00,153.97,154.17,152.38,152.76,24451164
AAPL,2017-05-30,00:00:00,153.42,154.43,153.33,153.67,20126851
AAPL,2017-05-26,00:00:00,154.00,154.24,153.31,153.61,21927637
AAPL,2017-05-25,00:00:00,153.73,154.35,153.03,153.87,19235598
AAPL,2017-05-24,00:00:00,153.84,154.17,152.67,153.34,19219154
AAPL,2017-05-23,00:00:00,154.90,154.90,153.31,153.80,19918871
AAPL,2017-05-22,00:00:00,154.00,154.58,152.91,153.99,22966437
AAPL,2017-05-19,00:00:00,153.38,153.98,152.63,153.06,26960788
AAPL,2017-05-18,00:00:00,151.27,153.34,151.13,152.54,33568215
AAPL,2017-05-17,00:00:00,153.60,154.57,149.71,150.25,50767678
AAPL,2017-05-16,00:00:00,155.94,156.06,154.72,155.47,20048478
AAPL,2017-05-15,00:00:00,156.01,156.65,155.05,155.70,26009719
AAPL,2017-05-12,00:00:00,154.70,156.42,154.67,156.10,32527017
AAPL,2017-05-11,00:00:00,152.45,154.07,152.31,153.95,27255058
AAPL,2017-05-10,00:00:00,153.63,153.94,152.11,153.26,25805692
AAPL,2017-05-09,00:00:00,153.87,154.88,153.45,153.99,39130363
AAPL,2017-05-08,00:00:00,149.03,153.70,149.03,153.01,48752413
AAPL,2017-05-05,00:00:00,146.76,148.98,146.76,148.96,27327725
AAPL,2017-05-04,00:00:00,146.52,147.14,145.81,146.53,23371872
AAPL,2017-05-03,00:00:00,145.59,147.49,144.27,147.06,45697034
AAPL,2017-05-02,00:00:00,147.54,148.09,146.84,147.51,45352194
AAPL,2017-05-01,00:00:00,145.10,147.20,144.96,146.58,33602943
AAPL,2017-04-28,00:00:00,144.09,144.30,143.27,143.65,20860358
AAPL,2017-04-27,00:00:00,143.92,144.16,143.31,143.79,14246347
AAPL,2017-04-26,00:00:00,144.47,144.60,143.38,143.68,20041241
AAPL,2017-04-25,00:00:00,143.91,144.90,143.87,144.53,18871501
AAPL,2017-04-24,00:00:00,143.50,143.95,143.18,143.64,17134333
AAPL,2017-04-21,00:00:00,142.44,142.68,141.85,142.27,17320928
AAPL,2017-04-20,00:00:00,141.22,142.92,141.16,142.44,23319562
AAPL,2017-04-19,00:00:00,141.88,142.00,140.45,140.68,17328375
AAPL,2017-04-18,00:00:00,141.41,142.04,141.11,141.20,14697544
AAPL,2017-04-17,00:00:00,141.48,141.88,140.87,141.83,16582094
AAPL,2017-04-13,00:00:00,141.91,142.38,141.05,141.05,17822880
AAPL,2017-04-12,00:00:00,141.60,142.15,141.01,141.80,20350000
AAPL,2017-04-11,00:00:00,142.94,143.35,140.06,141.63,30379376
AAPL,2017-04-10,00:00:00,143.60,143.88,142.90,143.17,18933397
AAPL,2017-04-07,00:00:00,143.73,144.18,143.27,143.34,16672198
AAPL,2017-04-06,00:00:00,144.29,144.52,143.45,143.66,21149034
AAPL,2017-04-05,00:00:00,144.22,145.46,143.81,144.02,27717854
AAPL,2017-04-04,00:00:00,143.25,144.89,143.17,144.77,19891354
AAPL,2017-04-03,00:00:00,143.71,144.12,143.05,143.70,19985714
AAPL,2017-03-31,00:00:00,143.72,144.27,143.01,143.66,19661651
AAPL,2017-03-30,00:00:00,144.19,144.50,143.50,143.93,21207252
AAPL,2017-03-29,00:00:00,143.68,144.49,143.19,144.12,29189955
AAPL,2017-03-28,00:00:00,140.91,144.04,140.62,143.80,33374805
AAPL,2017-03-27,00:00:00,139.39,141.22,138.62,140.88,23575094
AAPL,2017-03-24,00:00:00,141.50,141.74,140.35,140.64,22395563
AAPL,2017-03-23,00:00:00,141.26,141.58,140.61,140.92,20346301
AAPL,2017-03-22,00:00:00,139.84,141.60,139.76,141.42,25860165
AAPL,2017-03-21,00:00:00,142.11,142.80,139.73,139.84,39529912
AAPL,2017-03-20,00:00:00,140.40,141.50,140.23,141.46,21542038
AAPL,2017-03-17,00:00:00,141.00,141.00,139.89,139.99,43884952
AAPL,2017-03-16,00:00:00,140.72,141.02,140.26,140.69,19231998
AAPL,2017-03-15,00:00:00,139.41,140.75,139.02,140.46,25691774
AAPL,2017-03-14,00:00:00,139.30,139.65,138.84,138.99,15309065
AAPL,2017-03-13,00:00:00,138.85,139.43,138.82,139.20,17421717
AAPL,2017-03-10,00:00:00,139.25,139.36,138.64,139.14,19612801
AAPL,2017-03-09,00:00:00,138.74,138.79,137.05,138.68,22155904
AAPL,2017-03-08,00:00:00,138.95,139.80,138.82,139.00,18707236
AAPL,2017-03-07,00:00:00,139.06,139.98,138.79,139.52,17446297
AAPL,2017-03-06,00:00:00,139.36,139.77,138.60,139.34,21750044
AAPL,2017-03-03,00:00:00,138.78,139.83,138.59,139.78,21571121
AAPL,2017-03-02,00:00:00,140.00,140.28,138.76,138.96,26210984
AAPL,2017-03-01,00:00:00,137.89,140.15,137.60,139.79,36414585
AAPL,2017-02-28,00:00:00,137.08,137.44,136.70,136.99,23482860
AAPL,2017-02-27,00:00:00,137.14,137.44,136.28,136.93,20257426
AAPL,2017-02-24,00:00:00,135.91,136.66,135.28,136.66,21776585
AAPL,2017-02-23,00:00:00,137.38,137.48,136.30,136.53,20788186
AAPL,2017-02-22,00:00:00,136.43,137.12,136.11,137.11,20836932
AAPL,2017-02-21,00:00:00,136.23,136.75,135.98,136.70,24507156
AAPL,2017-02-17,00:00:00,135.10,135.83,135.10,135.72,22198197
AAPL,2017-02-16,00:00:00,135.67,135.90,134.84,135.34,22584555
AAPL,2017-02-15,00:00:00,135.52,136.27,134.62,135.51,35623100
AAPL,2017-02-14,00:00:00,133.47,135.09,133.25,135.02,33226223
AAPL,2017-02-13,00:00:00,133.08,133.82,132.75,133.29,23035421
AAPL,2017-02-10,00:00:00,132.46,132.94,132.05,132.12,20065458
AAPL,2017-02-09,00:00:00,131.65,132.44,131.12,132.42,28349859
AAPL,2017-02-08,00:00:00,131.35,132.22,131.22,132.04,23004072
AAPL,2017-02-07,00:00:00,130.54,132.09,130.45,131.53,38183841
AAPL,2017-02-06,00:00:00,129.13,130.50,128.90,130.29,26845924
AAPL,2017-02-03,00:00:00,128.31,129.19,128.16,129.08,24507301
AAPL,2017-02-02,00:00:00,127.98,129.39,127.78,128.53,33710411
AAPL,2017-02-01,00:00:00,127.03,130.49,127.01,128.75,111985040
AAPL,2017-01-31,00:00:00,121.15,121.39,120.62,121.35,49200993
AAPL,2017-01-30,00:00:00,120.93,121.63,120.66,121.63,30377503
AAPL,2017-01-27,00:00:00,122.14,122.35,121.60,121.95,20562944
AAPL,2017-01-26,00:00:00,121.67,122.44,121.60,121.94,26337576
AAPL,2017-01-25,00:00:00,120.42,122.10,120.28,121.88,32586673
AAPL,2017-01-24,00:00:00,119.55,120.10,119.50,119.97,23211038
AAPL,2017-01-23,00:00:00,120.00,120.81,119.77,120.08,22050218
AAPL,2017-01-20,00:00:00,120.45,120.45,119.73,120.00,32597892
AAPL,2017-01-19,00:00:00,119.40,120.09,119.37,119.78,25597291
AAPL,2017-01-18,00:00:00,120.00,120.50,119.71,119.99,23712961
AAPL,2017-01-17,00:00:00,118.34,120.24,118.22,120.00,34439843
AAPL,2017-01-13,00:00:00,119.11,119.62,118.81,119.04,26111948
AAPL,2017-01-12,00:00:00,118.90,119.30,118.21,119.25,27086220
AAPL,2017-01-11,00:00:00,118.74,119.93,118.60,119.75,27588593
AAPL,2017-01-10,00:00:00,118.77,119.38,118.30,119.11,24462051
AAPL,2017-01-09,00:00:00,117.95,119.43,117.94,118.99,33561948
AAPL,2017-01-06,00:00:00,116.78,118.16,116.47,117.91,31751900
AAPL,2017-01-05,00:00:00,115.92,116.86,115.81,116.61,22193587
AAPL,2017-01-04,00:00:00,115.85,116.51,115.75,116.02,21118116
AAPL,2017-01-03,00:00:00,115.80,116.33,114.76,116.15,28781865
AAPL,2016-12-30,00:00:00,116.65,117.20,115.43,115.82,30586265
AAPL,2016-12-29,00:00:00,116.45,117.11,116.40,116.73,15039519
AAPL,2016-12-28,00:00:00,117.52,118.02,116.20,116.76,20905892
AAPL,2016-12-27,00:00:00,116.52,117.80,116.49,117.26,18296855
AAPL,2016-12-23,00:00:00,115.59,116.52,115.59,116.52,14249484
AAPL,2016-12-22,00:00:00,116.35,116.51,115.64,116.29,26085854
AAPL,2016-12-21,00:00:00,116.80,117.40,116.78,117.06,23783165
AAPL,2016-12-20,00:00:00,116.74,117.50,116.68,116.95,21424965
AAPL,2016-12-19,00:00:00,115.80,117.38,115.75,116.64,27779423
AAPL,2016-12-16,00:00:00,116.47,116.50,115.64,115.97,44351134
AAPL,2016-12-15,00:00:00,115.38,116.73,115.23,115.82,46524544
AAPL,2016-12-14,00:00:00,115.04,116.20,114.98,115.19,34031834
AAPL,2016-12-13,00:00:00,113.84,115.92,113.75,115.19,43733811
AAPL,2016-12-12,00:00:00,113.29,115.00,112.49,113.30,26374377
AAPL,2016-12-09,00:00:00,112.31,114.70,112.31,113.95,34402627
AAPL,2016-12-08,00:00:00,110.86,112.43,110.60,112.12,27068316
AAPL,2016-12-07,00:00:00,109.26,111.19,109.16,111.03,29998719
AAPL,2016-12-06,00:00:00,109.50,110.36,109.19,109.95,26195462
AAPL,2016-12-05,00:00:00,110.00,110.03,108.25,109.11,34324540
AAPL,2016-12-02,00:00:00,109.17,110.09,108.85,109.90,26527997
AAPL,2016-12-01,00:00:00,110.36,110.94,109.03,109.49,37086862
AAPL,2016-11-30,00:00:00,111.60,112.20,110.27,110.52,36162258
AAPL,2016-11-29,00:00:00,110.78,112.03,110.07,111.46,28528750
AAPL,2016-11-28,00:00:00,111.43,112.46,111.39,111.57,27193983
AAPL,2016-11-25,00:00:00,111.47,111.87,110.95,111.79,11475922
AAPL,2016-11-23,00:00:00,111.36,111.51,110.33,111.23,27426394
AAPL,2016-11-22,00:00:00,111.95,112.42,111.40,111.80,25965534
AAPL,2016-11-21,00:00:00,110.12,111.99,110.01,111.73,29264571
AAPL,2016-11-18,00:00:00,109.72,110.54,109.66,110.06,28428917
AAPL,2016-11-17,00:00:00,109.81,110.35,108.83,109.95,26964598
AAPL,2016-11-16,00:00:00,106.70,110.23,106.60,109.99,58840522
AAPL,2016-11-15,00:00:00,106.57,107.68,106.16,107.11,32264510
AAPL,2016-11-14,00:00:00,107.71,107.81,104.08,105.71,51175504
AAPL,2016-11-11,00:00:00,107.12,108.87,106.55,108.43,34143898
AAPL,2016-11-10,00:00:00,111.09,111.09,105.83,107.79,57134541
AAPL,2016-11-09,00:00:00,109.88,111.32,108.05,110.88,59176361
AAPL,2016-11-08,00:00:00,110.31,111.72,109.70,111.06,24254179
AAPL,2016-11-07,00:00:00,110.08,110.51,109.46,110.41,32560000
AAPL,2016-11-04,00:00:00,108.53,110.25,108.11,108.84,30836997
AAPL,2016-11-03,00:00:00,110.98,111.46,109.55,109.83,26932602
AAPL,2016-11-02,00:00:00,111.40,112.35,111.23,111.59,28331709
AAPL,2016-11-01,00:00:00,113.46,113.77,110.53,111.49,43825812
AAPL,2016-10-31,00:00:00,113.65,114.23,113.20,113.54,26419398
AAPL,2016-10-28,00:00:00,113.87,115.21,113.45,113.72,37861662
AAPL,2016-10-27,00:00:00,115.39,115.86,114.10,114.48,34562045
AAPL,2016-10-26,00:00:00,114.31,115.70,113.31,115.59,66134219
AAPL,2016-10-25,00:00:00,117.95,118.36,117.31,118.25,48128970
AAPL,2016-10-24,00:00:00,117.10,117.74,117.00,117.65,23538673
AAPL,2016-10-21,00:00:00,116.81,116.91,116.28,116.60,23192665
AAPL,2016-10-20,00:00:00,116.86,117.38,116.33,117.06,24125801
AAPL,2016-10-19,00:00:00,117.25,117.76,113.80,117.12,20034594
AAPL,2016-10-18,00:00:00,118.18,118.21,117.45,117.47,24553478
AAPL,2016-10-17,00:00:00,117.33,117.84,116.78,117.55,23624896
AAPL,2016-10-14,00:00:00,117.88,118.17,117.13,117.63,35652191
AAPL,2016-10-13,00:00:00,116.79,117.44,115.72,116.98,35192406
AAPL,2016-10-12,00:00:00,117.35,117.98,116.75,117.34,37586787
AAPL,2016-10-11,00:00:00,117.70,118.69,116.20,116.30,64041043
AAPL,2016-10-10,00:00:00,115.02,116.75,114.72,116.05,36235956
AAPL,2016-10-07,00:00:00,114.31,114.56,113.51,114.06,24358443
AAPL,2016-10-06,00:00:00,113.70,114.34,113.13,113.89,28779313
AAPL,2016-10-05,00:00:00,113.40,113.66,112.69,113.05,21453089
AAPL,2016-10-04,00:00:00,113.06,114.31,112.63,113.00,29736835
AAPL,2016-10-03,00:00:00,112.71,113.05,112.28,112.52,21701760
AAPL,2016-09-30,00:00:00,112.46,113.37,111.80,113.05,36379106
AAPL,2016-09-29,00:00:00,113.16,113.80,111.80,112.18,35886990
AAPL,2016-09-28,00:00:00,113.69,114.64,113.43,113.95,29641085
AAPL,2016-09-27,00:00:00,113.00,113.18,112.34,113.09,24607412
AAPL,2016-09-26,00:00:00,111.64,113.39,111.55,112.88,29869442
AAPL,2016-09-23,00:00:00,114.42,114.79,111.55,112.71,52481151
AAPL,2016-09-22,00:00:00,114.35,114.94,114.00,114.62,31073984
AAPL,2016-09-21,00:00:00,113.85,113.99,112.44,113.55,36003185
AAPL,2016-09-20,00:00:00,113.05,114.12,112.51,113.57,34514269
AAPL,2016-09-19,00:00:00,115.19,116.18,113.25,113.58,47023046
AAPL,2016-09-16,00:00:00,115.12,116.13,114.04,114.92,79886911
AAPL,2016-09-15,00:00:00,113.86,115.73,113.49,115.57,90613177
AAPL,2016-09-14,00:00:00,108.73,113.03,108.60,111.77,112340318
AAPL,2016-09-13,00:00:00,107.51,108.79,107.24,107.95,62176190
AAPL,2016-09-12,00:00:00,102.65,105.72,102.53,105.44,45292770
AAPL,2016-09-09,00:00:00,104.64,105.72,103.13,103.13,46556984
AAPL,2016-09-08,00:00:00,107.25,107.27,105.24,105.52,53002026
AAPL,2016-09-07,00:00:00,107.83,108.76,107.07,108.36,42364328
AAPL,2016-09-06,00:00:00,107.90,108.30,107.51,107.70,26880391
AAPL,2016-09-02,00:00:00,107.70,108.00,106.82,107.73,26334858
AAPL,2016-09-01,00:00:00,106.14,106.80,105.62,106.73,26701523
AAPL,2016-08-31,00:00:00,105.66,106.57,105.64,106.10,29662406
AAPL,2016-08-30,00:00:00,105.80,106.50,105.50,106.00,24863945
AAPL,2016-08-29,00:00:00,106.62,107.44,106.29,106.82,24970300
AAPL,2016-08-26,00:00:00,107.41,107.95,106.31,106.94,27766291
AAPL,2016-08-25,00:00:00,107.39,107.88,106.68,107.57,25086248
AAPL,2016-08-24,00:00:00,108.56,108.75,107.68,108.03,23675081
AAPL,2016-08-23,00:00:00,108.59,109.32,108.53,108.85,21257669
AAPL,2016-08-22,00:00:00,108.86,109.10,107.85,108.51,25820230
AAPL,2016-08-19,00:00:00,108.77,109.69,108.36,109.36,25368072
AAPL,2016-08-18,00:00:00,109.23,109.60,109.02,109.08,21984703
AAPL,2016-08-17,00:00:00,109.10,109.37,108.34,109.22,25355976
AAPL,2016-08-16,00:00:00,109.63,110.23,109.21,109.38,33794448
AAPL,2016-08-15,00:00:00,108.14,109.54,108.08,109.48,25868209
AAPL,2016-08-12,00:00:00,107.78,108.44,107.78,108.18,18660434
AAPL,2016-08-11,00:00:00,108.52,108.93,107.85,107.93,27484506
AAPL,2016-08-10,00:00:00,108.71,108.90,107.76,108.00,24008505
AAPL,2016-08-09,00:00:00,108.23,108.94,108.01,108.81,26315204
AAPL,2016-08-08,00:00:00,107.52,108.37,107.16,108.37,28037220
AAPL,2016-08-05,00:00:00,106.27,107.65,106.18,107.48,40553402
AAPL,2016-08-04,00:00:00,105.58,106.00,105.28,105.87,27408650
AAPL,2016-08-03,00:00:00,104.81,105.84,104.77,105.79,30202641
AAPL,2016-08-02,00:00:00,106.05,106.07,104.00,104.48,33816556
AAPL,2016-08-01,00:00:00,104.41,106.15,104.41,106.05,38167871
AAPL,2016-07-29,00:00:00,104.19,104.55,103.68,104.21,27733688
AAPL,2016-07-28,00:00:00,102.83,104.45,102.82,104.34,39869839
AAPL,2016-07-27,00:00:00,104.26,104.35,102.75,102.95,92344820
AAPL,2016-07-26,00:00:00,96.82,97.97,96.42,96.67,56239822
AAPL,2016-07-25,00:00:00,98.25,98.84,96.92,97.34,40382921
AAPL,2016-07-22,00:00:00,99.26,99.30,98.31,98.66,28313669
AAPL,2016-07-21,00:00:00,99.83,101.00,99.13,99.43,32702028
AAPL,2016-07-20,00:00:00,100.00,100.46,99.74,99.96,26275968
AAPL,2016-07-19,00:00:00,99.56,100.00,99.34,99.87,23779924
AAPL,2016-07-18,00:00:00,98.70,100.13,98.60,99.83,36493867
AAPL,2016-07-15,00:00:00,98.92,99.30,98.50,98.78,30136990
AAPL,2016-07-14,00:00:00,97.39,98.99,97.32,98.79,38918997
AAPL,2016-07-13,00:00:00,97.41,97.67,96.84,96.87,25892171
AAPL,2016-07-12,00:00:00,97.17,97.70,97.12,97.42,24167463
AAPL,2016-07-11,00:00:00,96.75,97.65,96.73,96.98,23794945
AAPL,2016-07-08,00:00:00,96.49,96.89,96.05,96.68,28912103
AAPL,2016-07-07,00:00:00,95.70,96.50,95.62,95.94,25139558
AAPL,2016-07-06,00:00:00,94.60,95.66,94.37,95.53,30949090
AAPL,2016-07-05,00:00:00,95.39,95.40,94.46,94.99,27705210
AAPL,2016-07-01,00:00:00,95.49,96.46,95.33,95.89,26026540
AAPL,2016-06-30,00:00:00,94.44,95.77,94.30,95.60,35836356
AAPL,2016-06-29,00:00:00,93.97,94.55,93.63,94.40,36531006
AAPL,2016-06-28,00:00:00,92.90,93.66,92.14,93.59,40444914
AAPL,2016-06-27,00:00:00,93.00,93.05,91.50,92.04,46622188
AAPL,2016-06-24,00:00:00,92.91,94.66,92.65,93.40,75311356
AAPL,2016-06-23,00:00:00,95.94,96.29,95.25,96.10,32240187
AAPL,2016-06-22,00:00:00,96.25,96.89,95.35,95.55,29219122
AAPL,2016-06-21,00:00:00,94.94,96.35,94.68,95.91,35546358
AAPL,2016-06-20,00:00:00,96.00,96.57,95.03,95.10,34411901
AAPL,2016-06-17,00:00:00,96.62,96.65,95.30,95.33,61008219
AAPL,2016-06-16,00:00:00,96.45,97.75,96.07,97.55,31326815
AAPL,2016-06-15,00:00:00,97.82,98.41,97.03,97.14,29445227
AAPL,2016-06-14,00:00:00,97.32,98.48,96.75,97.46,31931944
AAPL,2016-06-13,00:00:00,98.69,99.12,97.10,97.34,38020494
AAPL,2016-06-10,00:00:00,98.53,99.35,98.48,98.83,31712936
AAPL,2016-06-09,00:00:00,98.50,99.99,98.46,99.65,26601354
AAPL,2016-06-08,00:00:00,99.02,99.56,98.68,98.94,20848131
AAPL,2016-06-07,00:00:00,99.25,99.87,98.96,99.03,22409450
AAPL,2016-06-06,00:00:00,97.99,101.89,97.55,98.63,23292504
AAPL,2016-06-03,00:00:00,97.79,98.27,97.45,97.92,28504888
AAPL,2016-06-02,00:00:00,97.60,97.84,96.63,97.72,40191600
AAPL,2016-06-01,00:00:00,99.02,99.54,98.33,98.46,29173285
AAPL,2016-05-31,00:00:00,99.60,100.40,98.82,99.86,42307212
AAPL,2016-05-27,00:00:00,99.44,100.47,99.24,100.35,36229530
AAPL,2016-05-26,00:00:00,99.68,100.73,98.64,100.41,56093437
AAPL,2016-05-25,00:00:00,98.67,99.74,98.11,99.62,38168760
AAPL,2016-05-24,00:00:00,97.22,98.09,96.84,97.90,35036561
AAPL,2016-05-23,00:00:00,95.87,97.19,95.67,96.43,37860535
AAPL,2016-05-20,00:00:00,94.64,95.43,94.52,95.22,31804564
AAPL,2016-05-19,00:00:00,94.64,94.64,93.57,94.20,29693945
AAPL,2016-05-18,00:00:00,94.16,95.21,93.89,94.56,41923114
AAPL,2016-05-17,00:00:00,94.55,94.70,93.01,93.49,46507449
AAPL,2016-05-16,00:00:00,92.39,94.39,91.65,93.88,61140610
AAPL,2016-05-13,00:00:00,90.00,91.67,90.00,90.52,44188153
AAPL,2016-05-12,00:00:00,92.72,92.78,89.47,90.34,76109795
AAPL,2016-05-11,00:00:00,93.48,93.57,92.46,92.51,28539912
AAPL,2016-05-10,00:00:00,93.33,93.57,92.11,93.42,33592465
AAPL,2016-05-09,00:00:00,93.00,93.77,92.59,92.79,32855251
AAPL,2016-05-06,00:00:00,93.37,93.45,91.85,92.72,43458189
AAPL,2016-05-05,00:00:00,94.00,94.07,92.68,93.24,35763138
AAPL,2016-05-04,00:00:00,95.20,95.90,93.82,94.19,40824776
AAPL,2016-05-03,00:00:00,94.20,95.74,93.68,95.18,56533960
AAPL,2016-05-02,00:00:00,93.96,94.08,92.40,93.64,47736879
AAPL,2016-04-29,00:00:00,93.99,94.72,92.51,93.74,68334434
AAPL,2016-04-28,00:00:00,97.61,97.88,94.25,94.83,81990674
AAPL,2016-04-27,00:00:00,96.00,98.71,95.68,97.82,113538389
AAPL,2016-04-26,00:00:00,103.91,105.30,103.91,104.35,40338403
AAPL,2016-04-25,00:00:00,105.00,105.65,104.51,105.08,27950966
AAPL,2016-04-22,00:00:00,105.01,106.48,104.62,105.68,33477142
AAPL,2016-04-21,00:00:00,106.93,106.93,105.52,105.97,31356434
AAPL,2016-04-20,00:00:00,106.64,108.09,106.06,107.13,28666865
AAPL,2016-04-19,00:00:00,107.88,108.00,106.23,106.91,32292344
AAPL,2016-04-18,00:00:00,108.89,108.95,106.94,107.48,60834027
AAPL,2016-04-15,00:00:00,112.11,112.30,109.73,109.85,46418482
AAPL,2016-04-14,00:00:00,111.62,112.39,111.33,112.10,25337435
AAPL,2016-04-13,00:00:00,110.80,112.34,110.80,112.04,32691799
AAPL,2016-04-12,00:00:00,109.34,110.50,108.66,110.44,26812000
AAPL,2016-04-11,00:00:00,108.97,110.61,108.83,109.02,28313525
AAPL,2016-04-08,00:00:00,108.91,109.77,108.17,108.66,23514462
AAPL,2016-04-07,00:00:00,109.95,110.42,108.12,108.54,30881022
AAPL,2016-04-06,00:00:00,110.23,110.98,109.20,110.96,26047772
AAPL,2016-04-05,00:00:00,109.51,110.73,109.42,109.81,26495312
AAPL,2016-04-04,00:00:00,110.42,112.19,110.27,111.12,37243224
AAPL,2016-04-01,00:00:00,108.78,110.00,108.20,109.99,25626163
AAPL,2016-03-31,00:00:00,109.72,109.90,108.88,108.99,25685672
AAPL,2016-03-30,00:00:00,108.65,110.42,108.60,109.56,45159861
AAPL,2016-03-29,00:00:00,104.89,107.79,104.88,107.68,30774115
AAPL,2016-03-28,00:00:00,106.00,106.19,105.06,105.19,19303557
AAPL,2016-03-24,00:00:00,105.47,106.25,104.89,105.67,25480914
AAPL,2016-03-23,00:00:00,106.48,107.07,105.90,106.13,25452612
AAPL,2016-03-22,00:00:00,105.25,107.29,105.21,106.72,32232567
AAPL,2016-03-21,00:00:00,105.93,107.65,105.14,105.91,35180796
AAPL,2016-03-18,00:00:00,106.34,106.50,105.19,105.92,43402289
AAPL,2016-03-17,00:00:00,105.52,106.47,104.96,105.80,34244593
AAPL,2016-03-16,00:00:00,104.61,106.31,104.59,105.97,37893758
AAPL,2016-03-15,00:00:00,103.96,105.18,103.85,104.58,40067734
AAPL,2016-03-14,00:00:00,101.91,102.91,101.78,102.52,25027426
AAPL,2016-03-11,00:00:00,102.24,102.28,101.50,102.26,27200833
AAPL,2016-03-10,00:00:00,101.41,102.24,100.15,101.17,33513577
AAPL,2016-03-09,00:00:00,101.31,101.58,100.27,101.12,27130729
AAPL,2016-03-08,00:00:00,100.78,101.76,100.40,101.03,31274161
AAPL,2016-03-07,00:00:00,102.39,102.83,100.96,101.87,35828909
AAPL,2016-03-04,00:00:00,102.37,103.75,101.37,103.01,45936485
AAPL,2016-03-03,00:00:00,100.58,101.71,100.45,101.50,36792245
AAPL,2016-03-02,00:00:00,100.51,100.89,99.64,100.75,33084941
AAPL,2016-03-01,00:00:00,97.65,100.77,97.42,100.53,50153943
AAPL,2016-02-29,00:00:00,96.86,98.23,96.65,96.69,34876558
AAPL,2016-02-26,00:00:00,97.20,98.02,96.58,96.91,28913208
AAPL,2016-02-25,00:00:00,96.05,96.76,95.25,96.76,27393905
AAPL,2016-02-24,00:00:00,93.98,96.38,93.32,96.10,36155642
AAPL,2016-02-23,00:00:00,96.40,96.50,94.55,94.69,31686699
AAPL,2016-02-22,00:00:00,96.31,96.90,95.92,96.88,34048195
AAPL,2016-02-19,00:00:00,96.00,96.76,95.80,96.04,34485576
AAPL,2016-02-18,00:00:00,98.84,98.89,96.09,96.26,38494442
AAPL,2016-02-17,00:00:00,96.67,98.21,96.15,98.12,44390173
AAPL,2016-02-16,00:00:00,95.02,96.85,94.61,96.64,47490678
AAPL,2016-02-12,00:00:00,94.19,94.50,93.01,93.99,40121670
AAPL,2016-02-11,00:00:00,93.79,94.72,92.59,93.70,49686210
AAPL,2016-02-10,00:00:00,95.92,96.35,94.10,94.27,42244975
AAPL,2016-02-09,00:00:00,94.29,95.94,93.93,94.99,44262912
AAPL,2016-02-08,00:00:00,93.13,95.70,93.04,95.01,53852284
AAPL,2016-02-05,00:00:00,96.52,96.92,93.69,94.02,45853883
AAPL,2016-02-04,00:00:00,95.86,97.33,95.19,96.60,46263907
AAPL,2016-02-03,00:00:00,95.00,96.84,94.08,96.35,45366710
AAPL,2016-02-02,00:00:00,95.42,96.04,94.28,94.48,37081206
AAPL,2016-02-01,00:00:00,96.47,96.71,95.40,96.43,40571593
AAPL,2016-01-29,00:00:00,94.79,97.34,94.35,97.34,64010141
AAPL,2016-01-28,00:00:00,93.79,94.52,92.39,94.09,55557109
AAPL,2016-01-27,00:00:00,96.04,96.63,93.34,93.42,132224500
AAPL,2016-01-26,00:00:00,99.93,100.88,98.07,99.99,63538305
AAPL,2016-01-25,00:00:00,101.52,101.53,99.21,99.44,51196375
AAPL,2016-01-22,00:00:00,98.63,101.46,98.37,101.42,65562769
AAPL,2016-01-21,00:00:00,97.06,97.88,94.94,96.30,52054521
AAPL,2016-01-20,00:00:00,95.10,98.19,93.42,96.79,72008265
AAPL,2016-01-19,00:00:00,98.41,98.65,95.50,96.66,52841349
AAPL,2016-01-15,00:00:00,96.20,97.71,95.36,97.13,79010008
AAPL,2016-01-14,00:00:00,97.96,100.48,95.74,99.52,62424154
AAPL,2016-01-13,00:00:00,100.32,101.19,97.30,97.39,61745031
AAPL,2016-01-12,00:00:00,100.55,100.69,98.84,99.96,49154227
AAPL,2016-01-11,00:00:00,98.97,99.06,97.34,98.53,49739377
AAPL,2016-01-08,00:00:00,98.55,99.11,96.76,96.96,70798016
AAPL,2016-01-07,00:00:00,98.68,100.13,96.43,96.45,81094428
AAPL,2016-01-06,00:00:00,100.56,102.37,99.87,100.70,68457388
AAPL,2016-01-05,00:00:00,105.75,105.85,102.41,102.71,55790992
AAPL,2016-01-04,00:00:00,102.61,105.37,102.00,105.35,67281190
AAPL,2015-12-31,00:00:00,107.01,107.03,104.82,105.26,40912316
AAPL,2015-12-30,00:00:00,108.58,108.70,107.18,107.32,25213777
AAPL,2015-12-29,00:00:00,106.96,109.43,106.86,108.74,30931243
AAPL,2015-12-28,00:00:00,107.59,107.69,106.18,106.82,26704210
AAPL,2015-12-24,00:00:00,109.00,109.00,107.95,108.03,13596680
AAPL,2015-12-23,00:00:00,107.27,108.85,107.20,108.61,32657354
AAPL,2015-12-22,00:00:00,107.40,107.72,106.45,107.23,32789367
AAPL,2015-12-21,00:00:00,107.28,107.37,105.57,107.33,47590610
AAPL,2015-12-18,00:00:00,108.91,109.52,105.81,106.03,96453327
AAPL,2015-12-17,00:00:00,112.02,112.25,108.98,108.98,44772827
AAPL,2015-12-16,00:00:00,111.07,111.99,108.80,111.34,56238467
AAPL,2015-12-15,00:00:00,111.94,112.80,110.35,110.49,53323105
AAPL,2015-12-14,00:00:00,112.18,112.68,109.79,112.48,64318732
AAPL,2015-12-11,00:00:00,115.19,115.39,112.85,113.18,46886161
AAPL,2015-12-10,00:00:00,116.04,116.94,115.51,116.17,29212727
AAPL,2015-12-09,00:00:00,115.30,117.69,115.08,115.62,46361357
AAPL,2015-12-08,00:00:00,117.52,118.60,116.86,118.23,34309450
AAPL,2015-12-07,00:00:00,118.32,119.86,117.81,118.28,32084249
AAPL,2015-12-04,00:00:00,115.29,119.25,115.11,119.03,57776977
AAPL,2015-12-03,00:00:00,115.24,116.79,114.22,115.20,41569509
AAPL,2015-12-02,00:00:00,117.34,118.11,116.08,116.28,33198964
AAPL,2015-12-01,00:00:00,118.75,118.81,116.86,117.34,34700991
AAPL,2015-11-30,00:00:00,117.99,119.41,117.75,118.30,37658671
AAPL,2015-11-27,00:00:00,118.29,118.41,117.60,117.81,13043720
AAPL,2015-11-25,00:00:00,119.21,119.23,117.92,118.03,21388308
AAPL,2015-11-24,00:00:00,117.33,119.35,117.12,118.88,42426855
AAPL,2015-11-23,00:00:00,119.27,119.73,117.34,117.75,32266736
AAPL,2015-11-20,00:00:00,119.20,119.92,118.85,119.30,34103529
AAPL,2015-11-19,00:00:00,117.64,119.75,116.76,118.78,42908179
AAPL,2015-11-18,00:00:00,115.76,117.49,115.50,117.29,46163404
AAPL,2015-11-17,00:00:00,114.92,115.05,113.32,113.69,27253964
AAPL,2015-11-16,00:00:00,111.38,114.24,111.00,114.18,37651022
AAPL,2015-11-13,00:00:00,115.20,115.57,112.27,112.34,45164053
AAPL,2015-11-12,00:00:00,116.26,116.82,115.65,115.72,32262598
AAPL,2015-11-11,00:00:00,116.37,117.42,115.21,116.11,45104903
AAPL,2015-11-10,00:00:00,116.90,118.07,116.06,116.77,58635125
AAPL,2015-11-09,00:00:00,120.96,121.81,120.05,120.57,33657546
AAPL,2015-11-06,00:00:00,121.08,121.81,120.62,121.06,32931447
AAPL,2015-11-05,00:00:00,121.85,122.69,120.18,120.92,39258480
AAPL,2015-11-04,00:00:00,122.56,123.82,121.62,122.00,44343498
AAPL,2015-11-03,00:00:00,120.79,123.49,120.70,122.57,45331025
AAPL,2015-11-02,00:00:00,120.80,121.36,119.61,121.18,31761309
AAPL,2015-10-30,00:00:00,120.99,121.22,119.45,119.50,48811991
AAPL,2015-10-29,00:00:00,118.70,120.69,118.27,120.53,50240803
AAPL,2015-10-28,00:00:00,117.58,119.30,116.06,119.27,85023324
AAPL,2015-10-27,00:00:00,115.40,116.54,113.99,114.55,57953589
AAPL,2015-10-26,00:00:00,118.08,118.13,114.92,115.28,66019504
AAPL,2015-10-23,00:00:00,118.77,119.23,116.33,119.08,59139552
AAPL,2015-10-22,00:00:00,114.33,115.50,114.10,115.50,41272693
AAPL,2015-10-21,00:00:00,114.00,115.58,113.70,113.76,41795238
AAPL,2015-10-20,00:00:00,111.34,114.17,110.82,113.77,48778770
AAPL,2015-10-19,00:00:00,110.80,111.75,110.11,111.73,29606075
AAPL,2015-10-16,00:00:00,111.78,112.00,110.53,111.04,38236278
AAPL,2015-10-15,00:00:00,110.93,112.10,110.49,111.86,37340996
AAPL,2015-10-14,00:00:00,111.29,111.52,109.56,110.21,44325611
AAPL,2015-10-13,00:00:00,110.82,112.45,110.68,111.79,32424018
AAPL,2015-10-12,00:00:00,112.73,112.75,111.44,111.60,30114425
AAPL,2015-10-09,00:00:00,111.64,112.28,109.49,112.12,52533783
AAPL,2015-10-08,00:00:00,110.06,110.19,108.21,109.50,61698450
AAPL,2015-10-07,00:00:00,110.47,111.77,109.41,110.78,46602587
AAPL,2015-10-06,00:00:00,110.63,111.74,109.76,111.31,48196751
AAPL,2015-10-05,00:00:00,110.08,111.37,109.07,110.78,51723110
AAPL,2015-10-02,00:00:00,108.01,111.01,107.55,110.38,57560431
AAPL,2015-10-01,00:00:00,109.07,109.62,107.31,109.58,63747954
AAPL,2015-09-30,00:00:00,110.17,111.54,108.73,110.30,66105030
AAPL,2015-09-29,00:00:00,112.83,113.51,107.86,109.06,73135853
AAPL,2015-09-28,00:00:00,113.85,114.57,112.44,112.44,51723929
AAPL,2015-09-25,00:00:00,116.44,116.69,114.02,114.71,55842210
AAPL,2015-09-24,00:00:00,113.25,115.50,112.37,115.00,49810647
AAPL,2015-09-23,00:00:00,113.63,114.72,113.30,114.32,35645658
AAPL,2015-09-22,00:00:00,113.38,114.18,112.52,113.40,49809010
AAPL,2015-09-21,00:00:00,113.67,115.37,113.66,115.21,46554289
AAPL,2015-09-18,00:00:00,112.21,114.30,111.87,113.45,73418992
AAPL,2015-09-17,00:00:00,115.66,116.49,113.72,113.92,63462713
AAPL,2015-09-16,00:00:00,116.25,116.54,115.44,116.41,36909956
AAPL,2015-09-15,00:00:00,115.93,116.53,114.42,116.28,43004052
AAPL,2015-09-14,00:00:00,116.58,116.89,114.86,115.31,58201862
AAPL,2015-09-11,00:00:00,111.79,114.21,111.76,114.21,49441846
AAPL,2015-09-10,00:00:00,110.27,113.28,109.90,112.57,62675234
AAPL,2015-09-09,00:00:00,113.76,114.02,109.77,110.15,84344438
AAPL,2015-09-08,00:00:00,111.75,112.56,110.32,112.31,54114204
AAPL,2015-09-04,00:00:00,108.97,110.45,108.51,109.27,49628615
AAPL,2015-09-03,00:00:00,112.49,112.78,110.04,110.37,52906410
AAPL,2015-09-02,00:00:00,110.23,112.34,109.13,112.34,61520170
AAPL,2015-09-01,00:00:00,110.15,111.88,107.36,107.72,75988194
AAPL,2015-08-31,00:00:00,112.03,114.53,112.00,112.76,55962842
AAPL,2015-08-28,00:00:00,112.17,113.31,111.54,113.29,52896384
AAPL,2015-08-27,00:00:00,112.23,113.24,110.02,112.92,83265146
AAPL,2015-08-26,00:00:00,107.08,109.89,105.05,109.69,96226269
AAPL,2015-08-25,00:00:00,111.11,111.11,103.50,103.74,102240208
AAPL,2015-08-24,00:00:00,94.87,108.80,92.00,103.12,161454199
AAPL,2015-08-21,00:00:00,110.43,111.90,105.64,105.76,126289223
AAPL,2015-08-20,00:00:00,114.08,114.35,111.63,112.65,67765523
AAPL,2015-08-19,00:00:00,116.10,116.52,114.68,115.01,48286510
AAPL,2015-08-18,00:00:00,116.43,117.44,116.01,116.50,34560708
AAPL,2015-08-17,00:00:00,116.04,117.65,115.50,117.16,40884745
AAPL,2015-08-14,00:00:00,114.32,116.31,114.01,115.96,42929516
AAPL,2015-08-13,00:00:00,116.04,116.40,114.54,115.15,48535789
AAPL,2015-08-12,00:00:00,112.53,115.42,109.63,115.24,101685610
AAPL,2015-08-11,00:00:00,117.81,118.18,113.33,113.49,97082814
AAPL,2015-08-10,00:00:00,116.53,119.99,116.53,119.72,54951597
AAPL,2015-08-07,00:00:00,114.58,116.25,114.50,115.52,38670405
AAPL,2015-08-06,00:00:00,115.97,116.50,114.12,115.13,52903040
AAPL,2015-08-05,00:00:00,112.95,117.44,112.10,115.40,99312613
AAPL,2015-08-04,00:00:00,117.42,117.70,113.25,114.64,124138623
AAPL,2015-08-03,00:00:00,121.50,122.57,117.52,118.44,69975968
AAPL,2015-07-31,00:00:00,122.60,122.64,120.91,121.30,42884953
AAPL,2015-07-30,00:00:00,122.32,122.57,121.71,122.37,33628268
AAPL,2015-07-29,00:00:00,123.15,123.50,122.27,122.99,37011653
AAPL,2015-07-28,00:00:00,123.38,123.91,122.55,123.38,33618097
AAPL,2015-07-27,00:00:00,123.09,123.61,122.12,122.77,44455540
AAPL,2015-07-24,00:00:00,125.32,125.74,123.90,124.50,42162332
AAPL,2015-07-23,00:00:00,126.20,127.09,125.06,125.16,50999452
AAPL,2015-07-22,00:00:00,121.99,125.50,121.99,125.22,115450607
AAPL,2015-07-21,00:00:00,132.85,132.92,130.32,130.75,76756427
AAPL,2015-07-20,00:00:00,130.97,132.97,130.70,132.07,58900203
AAPL,2015-07-17,00:00:00,129.08,129.62,128.31,129.62,46164710
AAPL,2015-07-16,00:00:00,127.74,128.57,127.35,128.51,36222447
AAPL,2015-07-15,00:00:00,125.72,127.15,125.58,126.82,33649200
AAPL,2015-07-14,00:00:00,126.04,126.37,125.04,125.61,31768139
AAPL,2015-07-13,00:00:00,125.03,125.76,124.32,125.66,41440538
AAPL,2015-07-10,00:00:00,121.94,123.85,121.21,123.28,61354474
AAPL,2015-07-09,00:00:00,123.85,124.06,119.22,120.07,78595038
AAPL,2015-07-08,00:00:00,124.48,124.64,122.54,122.57,60761614
AAPL,2015-07-07,00:00:00,125.89,126.15,123.77,125.69,46946811
AAPL,2015-07-06,00:00:00,124.94,126.23,124.85,126.00,28060431
AAPL,2015-07-02,00:00:00,126.43,126.69,125.77,126.44,27210952
AAPL,2015-07-01,00:00:00,126.90,126.94,125.99,126.60,30238811
AAPL,2015-06-30,00:00:00,125.57,126.12,124.86,125.42,44370682
AAPL,2015-06-29,00:00:00,125.46,126.47,124.48,124.53,49161427
AAPL,2015-06-26,00:00:00,127.67,127.99,126.51,126.75,44066841
AAPL,2015-06-25,00:00:00,128.86,129.20,127.50,127.50,31938100
AAPL,2015-06-24,00:00:00,127.21,129.80,127.12,128.11,55280855
AAPL,2015-06-23,00:00:00,127.48,127.61,126.88,127.03,30268863
AAPL,2015-06-22,00:00:00,127.49,128.06,127.08,127.61,34039345
AAPL,2015-06-19,00:00:00,127.71,127.82,126.40,126.60,54716887
AAPL,2015-06-18,00:00:00,127.23,128.31,127.22,127.88,35407220
AAPL,2015-06-17,00:00:00,127.72,127.88,126.74,127.30,32918071
AAPL,2015-06-16,00:00:00,127.03,127.85,126.37,127.60,31494131
AAPL,2015-06-15,00:00:00,126.10,127.24,125.71,126.92,43988946
AAPL,2015-06-12,00:00:00,128.18,128.33,127.11,127.17,36886246
AAPL,2015-06-11,00:00:00,129.18,130.18,128.48,128.59,35390887
AAPL,2015-06-10,00:00:00,127.92,129.34,127.85,128.88,39087250
AAPL,2015-06-09,00:00:00,126.70,128.08,125.62,127.42,56075420
AAPL,2015-06-08,00:00:00,128.90,129.21,126.83,127.80,52674786
AAPL,2015-06-05,00:00:00,129.50,129.69,128.36,128.65,35626800
AAPL,2015-06-04,00:00:00,129.58,130.58,128.91,129.36,38450118
AAPL,2015-06-03,00:00:00,130.66,130.94,129.90,130.12,30983542
AAPL,2015-06-02,00:00:00,129.86,130.66,129.32,129.96,33667627
AAPL,2015-06-01,00:00:00,130.28,131.39,130.05,130.54,32112797
AAPL,2015-05-29,00:00:00,131.23,131.45,129.90,130.28,50884452
AAPL,2015-05-28,00:00:00,131.86,131.95,131.10,131.78,30733309
AAPL,2015-05-27,00:00:00,130.34,132.26,130.05,132.04,45833246
AAPL,2015-05-26,00:00:00,132.60,132.91,129.12,129.62,70697560
AAPL,2015-05-22,00:00:00,131.60,132.97,131.40,132.54,45595972
AAPL,2015-05-21,00:00:00,130.07,131.63,129.83,131.39,39730364
AAPL,2015-05-20,00:00:00,130.00,130.98,129.34,130.06,36454932
AAPL,2015-05-19,00:00:00,130.69,130.88,129.64,130.07,44633240
AAPL,2015-05-18,00:00:00,128.38,130.72,128.36,130.19,50882918
AAPL,2015-05-15,00:00:00,129.07,129.49,128.21,128.77,38208034
AAPL,2015-05-14,00:00:00,127.41,128.95,127.16,128.95,45203456
AAPL,2015-05-13,00:00:00,126.15,127.19,125.87,126.01,34694235
AAPL,2015-05-12,00:00:00,125.60,126.88,124.82,125.86,48160032
AAPL,2015-05-11,00:00:00,127.39,127.56,125.62,126.32,42035757
AAPL,2015-05-08,00:00:00,126.68,127.62,126.11,127.62,55550382
AAPL,2015-05-07,00:00:00,124.77,126.08,124.02,125.26,43940895
AAPL,2015-05-06,00:00:00,126.56,126.75,123.36,125.01,72141010
AAPL,2015-05-05,00:00:00,128.15,128.45,125.78,125.80,49271416
AAPL,2015-05-04,00:00:00,129.50,130.57,128.26,128.70,50988278
AAPL,2015-05-01,00:00:00,126.10,130.13,125.30,128.95,58512638
AAPL,2015-04-30,00:00:00,128.64,127.88,124.58,125.15,83195423
AAPL,2015-04-29,00:00:00,130.16,131.59,128.30,128.64,63386083
AAPL,2015-04-28,00:00:00,134.46,134.54,129.57,130.56,118923970
AAPL,2015-04-27,00:00:00,132.31,133.13,131.15,132.65,96954207
AAPL,2015-04-24,00:00:00,130.49,130.63,129.23,130.28,44525905
AAPL,2015-04-23,00:00:00,128.30,130.42,128.14,129.67,45770902
AAPL,2015-04-22,00:00:00,126.99,128.87,126.32,128.62,37654505
AAPL,2015-04-21,00:00:00,128.10,128.20,126.67,126.91,32435057
AAPL,2015-04-20,00:00:00,125.57,128.12,125.17,127.60,47054310
AAPL,2015-04-17,00:00:00,125.55,126.14,124.46,124.75,51957046
AAPL,2015-04-16,00:00:00,126.28,127.10,126.11,126.17,28368987
AAPL,2015-04-15,00:00:00,126.41,127.13,126.01,126.78,28970419
AAPL,2015-04-14,00:00:00,127.00,127.29,125.91,126.30,25524593
AAPL,2015-04-13,00:00:00,128.37,128.57,126.61,126.85,36365123
AAPL,2015-04-10,00:00:00,125.95,127.21,125.26,127.10,40187953
AAPL,2015-04-09,00:00:00,125.85,126.58,124.66,126.56,32483974
AAPL,2015-04-08,00:00:00,125.85,126.40,124.97,125.60,37329243
AAPL,2015-04-07,00:00:00,127.64,128.12,125.98,126.01,35012268
AAPL,2015-04-06,00:00:00,124.47,127.51,124.33,127.35,37193975
AAPL,2015-04-02,00:00:00,125.03,125.56,124.19,125.32,32220131
AAPL,2015-04-01,00:00:00,124.82,125.12,123.10,124.25,40621437
AAPL,2015-03-31,00:00:00,126.09,126.49,124.36,124.43,42090553
AAPL,2015-03-30,00:00:00,124.05,126.40,124.00,126.37,47099670
AAPL,2015-03-27,00:00:00,124.57,124.70,122.91,123.25,39546151
AAPL,2015-03-26,00:00:00,122.76,124.88,122.60,124.24,47572869
AAPL,2015-03-25,00:00:00,126.54,126.82,123.38,123.38,51655177
AAPL,2015-03-24,00:00:00,127.23,128.04,126.56,126.69,32842304
AAPL,2015-03-23,00:00:00,127.12,127.85,126.52,127.21,37709674
AAPL,2015-03-20,00:00:00,128.25,128.40,125.16,125.90,68695136
AAPL,2015-03-19,00:00:00,128.75,129.25,127.40,127.50,45809490
AAPL,2015-03-18,00:00:00,127.00,129.16,126.37,128.47,65270945
AAPL,2015-03-17,00:00:00,125.90,127.32,125.65,127.04,51023104
AAPL,2015-03-16,00:00:00,123.88,124.95,122.87,124.95,35874300
AAPL,2015-03-13,00:00:00,124.40,125.40,122.58,123.59,51827283
AAPL,2015-03-12,00:00:00,122.31,124.90,121.63,124.45,48362719
AAPL,2015-03-11,00:00:00,124.75,124.77,122.11,122.24,68938974
AAPL,2015-03-10,00:00:00,126.41,127.22,123.80,124.51,68856582
AAPL,2015-03-09,00:00:00,127.96,129.57,125.06,127.14,88528487
AAPL,2015-03-06,00:00:00,128.40,129.37,126.26,126.60,72842060
AAPL,2015-03-05,00:00:00,128.58,128.75,125.76,126.41,56517146
AAPL,2015-03-04,00:00:00,129.10,129.56,128.32,128.54,31666340
AAPL,2015-03-03,00:00:00,128.96,129.52,128.09,129.36,37816283
AAPL,2015-03-02,00:00:00,129.25,130.28,128.30,129.09,48096663
AAPL,2015-02-27,00:00:00,130.00,130.57,128.24,128.46,62014847
AAPL,2015-02-26,00:00:00,128.78,130.87,126.61,130.42,91287529
AAPL,2015-02-25,00:00:00,131.56,131.60,128.15,128.79,74711746
AAPL,2015-02-24,00:00:00,132.94,133.60,131.17,132.17,69228130
AAPL,2015-02-23,00:00:00,130.02,133.00,129.66,133.00,70974110
AAPL,2015-02-20,00:00:00,128.62,129.50,128.05,129.50,48948419
AAPL,2015-02-19,00:00:00,128.48,129.03,128.33,128.45,37362381
AAPL,2015-02-18,00:00:00,127.62,128.78,127.45,128.72,44891737
AAPL,2015-02-17,00:00:00,127.49,128.88,126.92,127.83,63152405
AAPL,2015-02-13,00:00:00,127.28,127.28,125.65,127.08,54272219
AAPL,2015-02-12,00:00:00,126.06,127.48,125.57,126.46,74474466
AAPL,2015-02-11,00:00:00,122.77,124.92,122.50,124.88,73561797
AAPL,2015-02-10,00:00:00,120.17,122.15,120.16,122.02,62008506
AAPL,2015-02-09,00:00:00,118.55,119.84,118.43,119.72,38889797
AAPL,2015-02-06,00:00:00,120.02,120.25,118.45,118.93,43706567
AAPL,2015-02-05,00:00:00,120.02,120.23,119.25,119.94,42246245
AAPL,2015-02-04,00:00:00,118.50,120.51,118.31,119.56,70149743
AAPL,2015-02-03,00:00:00,118.50,119.09,117.61,118.65,51915749
AAPL,2015-02-02,00:00:00,118.05,119.17,116.08,118.63,62739100
AAPL,2015-01-30,00:00:00,118.40,120.00,116.85,117.16,83745461
AAPL,2015-01-29,00:00:00,116.32,119.19,115.56,118.90,84436432
AAPL,2015-01-28,00:00:00,117.62,118.12,115.31,115.31,146477063
AAPL,2015-01-27,00:00:00,112.42,112.48,109.03,109.14,95568749
AAPL,2015-01-26,00:00:00,113.74,114.36,112.80,113.10,55614979
AAPL,2015-01-23,00:00:00,112.30,113.75,111.53,112.98,46464828
AAPL,2015-01-22,00:00:00,110.26,112.47,109.72,112.40,53796409
AAPL,2015-01-21,00:00:00,108.95,111.06,108.27,109.55,48575897
AAPL,2015-01-20,00:00:00,107.84,108.97,106.50,108.72,49899907
AAPL,2015-01-16,00:00:00,107.03,107.58,105.20,105.99,78513345
AAPL,2015-01-15,00:00:00,110.00,110.06,106.66,106.82,60013996
AAPL,2015-01-14,00:00:00,109.04,110.49,108.50,109.80,48956588
AAPL,2015-01-13,00:00:00,111.43,112.80,108.91,110.22,67091928
AAPL,2015-01-12,00:00:00,112.60,112.63,108.80,109.25,49650790
AAPL,2015-01-09,00:00:00,112.67,113.25,110.21,112.01,53699527
AAPL,2015-01-08,00:00:00,109.23,112.15,108.70,111.89,59364547
AAPL,2015-01-07,00:00:00,107.20,108.20,106.70,107.75,40105934
AAPL,2015-01-06,00:00:00,106.54,107.43,104.63,106.26,65797116
AAPL,2015-01-05,00:00:00,108.29,108.65,105.41,106.25,64285491
AAPL,2015-01-02,00:00:00,111.39,111.44,107.35,109.33,53204626
AAPL,2014-12-31,00:00:00,112.82,113.13,110.21,110.38,41403351
AAPL,2014-12-30,00:00:00,113.64,113.92,112.11,112.52,29881477
AAPL,2014-12-29,00:00:00,113.79,114.77,113.70,113.91,27598920
AAPL,2014-12-26,00:00:00,112.10,114.52,112.01,113.99,33720951
AAPL,2014-12-24,00:00:00,112.58,112.71,112.01,112.01,14479611
AAPL,2014-12-23,00:00:00,113.23,113.33,112.46,112.54,26028419
AAPL,2014-12-22,00:00:00,112.16,113.49,111.97,112.94,45167549
AAPL,2014-12-19,00:00:00,112.26,113.24,111.66,111.78,88429770
AAPL,2014-12-18,00:00:00,111.87,112.65,110.66,112.65,59006218
AAPL,2014-12-17,00:00:00,107.12,109.84,106.82,109.41,53411773
AAPL,2014-12-16,00:00:00,106.37,110.16,106.26,106.74,60790733
AAPL,2014-12-15,00:00:00,110.70,111.60,106.35,108.22,67218082
AAPL,2014-12-12,00:00:00,110.46,111.87,109.58,109.73,56028138
AAPL,2014-12-11,00:00:00,112.26,113.80,111.34,111.62,41471578
AAPL,2014-12-10,00:00:00,114.41,114.85,111.54,111.95,44565318
AAPL,2014-12-09,00:00:00,110.19,114.30,109.35,114.12,60208036
AAPL,2014-12-08,00:00:00,114.10,114.65,111.62,112.40,57664850
AAPL,2014-12-05,00:00:00,115.99,116.08,114.64,115.00,38318895
AAPL,2014-12-04,00:00:00,115.77,117.20,115.29,115.49,42155776
AAPL,2014-12-03,00:00:00,115.75,116.35,115.11,115.93,43063440
AAPL,2014-12-02,00:00:00,113.50,115.75,112.75,114.63,59348940
AAPL,2014-12-01,00:00:00,118.81,119.25,111.27,115.07,83814037
AAPL,2014-11-28,00:00:00,119.27,119.40,118.05,118.93,24814402
AAPL,2014-11-26,00:00:00,117.94,119.10,117.83,119.00,40831886
AAPL,2014-11-25,00:00:00,119.07,119.75,117.45,117.60,68840440
AAPL,2014-11-24,00:00:00,116.85,118.77,116.62,118.62,47450824
AAPL,2014-11-21,00:00:00,117.51,117.57,116.03,116.47,57179298
AAPL,2014-11-20,00:00:00,114.91,116.86,114.85,116.31,43395537
AAPL,2014-11-19,00:00:00,115.44,115.74,113.80,114.67,41869160
AAPL,2014-11-18,00:00:00,113.94,115.69,113.89,115.47,44223978
AAPL,2014-11-17,00:00:00,114.27,117.28,113.30,113.99,46746712
AAPL,2014-11-14,00:00:00,113.15,114.19,113.05,114.18,44063595
AAPL,2014-11-13,00:00:00,111.80,113.45,111.60,112.82,59522855
AAPL,2014-11-12,00:00:00,109.38,111.43,109.37,111.25,46942431
AAPL,2014-11-11,00:00:00,108.70,109.75,108.40,109.70,27442252
AAPL,2014-11-10,00:00:00,109.02,109.33,108.67,108.83,27195547
AAPL,2014-11-07,00:00:00,108.75,109.32,108.55,109.01,33691535
AAPL,2014-11-06,00:00:00,108.60,108.79,107.80,108.70,34968457
AAPL,2014-11-05,00:00:00,109.10,109.30,108.12,108.86,37435905
AAPL,2014-11-04,00:00:00,109.36,109.49,107.72,108.60,41574365
AAPL,2014-11-03,00:00:00,108.22,110.30,108.01,109.40,52282550
AAPL,2014-10-31,00:00:00,108.01,108.04,107.21,108.00,44639285
AAPL,2014-10-30,00:00:00,106.96,107.35,105.90,106.98,40654793
AAPL,2014-10-29,00:00:00,106.65,107.37,106.36,107.34,52687879
AAPL,2014-10-28,00:00:00,105.40,106.74,105.35,106.74,48060949
AAPL,2014-10-27,00:00:00,104.85,105.48,104.70,105.11,34187701
AAPL,2014-10-24,00:00:00,105.18,105.49,104.53,105.22,47053916
AAPL,2014-10-23,00:00:00,104.08,105.05,103.63,104.83,71074674
AAPL,2014-10-22,00:00:00,102.84,104.11,102.60,102.99,68263146
AAPL,2014-10-21,00:00:00,103.02,103.02,101.27,102.47,94623904
AAPL,2014-10-20,00:00:00,98.32,99.96,98.22,99.76,77517279
AAPL,2014-10-17,00:00:00,97.50,99.00,96.81,97.67,68179688
AAPL,2014-10-16,00:00:00,95.55,97.72,95.41,96.26,72154523
AAPL,2014-10-15,00:00:00,97.97,99.15,95.18,97.54,100933600
AAPL,2014-10-14,00:00:00,100.39,100.52,98.57,98.75,63688562
AAPL,2014-10-13,00:00:00,101.33,101.78,99.81,99.81,53583368
AAPL,2014-10-10,00:00:00,100.69,102.03,100.30,100.73,66331592
AAPL,2014-10-09,00:00:00,101.54,102.38,100.61,101.02,77376525
AAPL,2014-10-08,00:00:00,98.76,101.11,98.31,100.80,57404674
AAPL,2014-10-07,00:00:00,99.43,100.12,98.73,98.75,42094183
AAPL,2014-10-06,00:00:00,99.95,100.65,99.42,99.62,37051182
AAPL,2014-10-03,00:00:00,99.44,100.21,99.04,99.62,43469585
AAPL,2014-10-02,00:00:00,99.27,100.22,98.04,99.90,47757828
AAPL,2014-10-01,00:00:00,100.59,100.69,98.70,99.18,51491286
AAPL,2014-09-30,00:00:00,100.81,101.54,100.53,100.75,55264139
AAPL,2014-09-29,00:00:00,98.65,100.44,98.63,100.11,49766312
AAPL,2014-09-26,00:00:00,98.53,100.75,98.40,100.75,62370501
AAPL,2014-09-25,00:00:00,100.51,100.71,97.72,97.87,100091990
AAPL,2014-09-24,00:00:00,102.16,102.85,101.20,101.75,60171828
AAPL,2014-09-23,00:00:00,100.60,102.94,100.54,102.64,63402196
AAPL,2014-09-22,00:00:00,101.80,102.14,100.58,101.06,52788426
AAPL,2014-09-19,00:00:00,102.29,102.35,100.88,100.96,70902406
AAPL,2014-09-18,00:00:00,101.93,102.35,101.56,101.79,37299435
AAPL,2014-09-17,00:00:00,101.27,101.80,100.59,101.58,60926498
AAPL,2014-09-16,00:00:00,99.80,101.26,98.89,100.86,66908133
AAPL,2014-09-15,00:00:00,102.81,103.05,101.44,101.63,61316516
AAPL,2014-09-12,00:00:00,101.21,102.19,101.08,101.66,64096903
AAPL,2014-09-11,00:00:00,100.41,101.44,99.62,101.43,62399743
AAPL,2014-09-10,00:00:00,98.01,101.11,97.76,101.00,100869587
AAPL,2014-09-09,00:00:00,99.08,103.08,96.14,97.99,189846255
AAPL,2014-09-08,00:00:00,99.30,99.31,98.05,98.36,46356742
AAPL,2014-09-05,00:00:00,98.80,99.39,98.31,98.97,58457035
AAPL,2014-09-04,00:00:00,98.85,100.09,97.79,98.12,85718221
AAPL,2014-09-03,00:00:00,103.10,103.20,98.58,98.94,125420521
AAPL,2014-09-02,00:00:00,103.06,103.74,102.72,103.30,53564262
AAPL,2014-08-29,00:00:00,102.86,102.90,102.20,102.50,44595247
AAPL,2014-08-28,00:00:00,102.13,102.78,101.56,102.25,68459801
AAPL,2014-08-27,00:00:00,101.02,102.57,100.70,102.13,52369011
AAPL,2014-08-26,00:00:00,101.42,101.50,100.86,100.89,33151984
AAPL,2014-08-25,00:00:00,101.79,102.17,101.28,101.54,40270173
AAPL,2014-08-22,00:00:00,100.29,101.47,100.19,101.32,44183834
AAPL,2014-08-21,00:00:00,100.57,100.94,100.11,100.58,33478198
AAPL,2014-08-20,00:00:00,100.44,101.09,99.95,100.57,52699192
AAPL,2014-08-19,00:00:00,99.41,100.68,99.32,100.53,69399270
AAPL,2014-08-18,00:00:00,98.49,99.37,97.98,99.16,47572413
AAPL,2014-08-15,00:00:00,97.90,98.19,96.86,97.98,48951331
AAPL,2014-08-14,00:00:00,97.33,97.57,96.80,97.50,28115566
AAPL,2014-08-13,00:00:00,96.15,97.24,96.04,97.24,31916439
AAPL,2014-08-12,00:00:00,96.04,96.88,95.61,95.97,33795352
AAPL,2014-08-11,00:00:00,95.27,96.08,94.84,95.99,36584844
AAPL,2014-08-08,00:00:00,94.26,94.82,93.28,94.74,41865193
AAPL,2014-08-07,00:00:00,94.93,95.95,94.10,94.48,46711179
AAPL,2014-08-06,00:00:00,94.75,95.48,94.71,94.96,38558342
AAPL,2014-08-05,00:00:00,95.36,95.68,94.36,95.12,55932663
AAPL,2014-08-04,00:00:00,96.37,96.58,95.17,95.59,39958144
AAPL,2014-08-01,00:00:00,94.90,96.62,94.81,96.13,48511286
AAPL,2014-07-31,00:00:00,97.16,97.45,95.33,95.60,56842647
AAPL,2014-07-30,00:00:00,98.44,98.70,97.67,98.15,33010001
AAPL,2014-07-29,00:00:00,99.33,99.44,98.25,98.38,43143095
AAPL,2014-07-28,00:00:00,97.82,99.24,97.55,99.02,55317689
AAPL,2014-07-25,00:00:00,96.85,97.84,96.64,97.67,43469117
AAPL,2014-07-24,00:00:00,97.04,97.32,96.42,97.03,45728843
AAPL,2014-07-23,00:00:00,95.42,97.88,95.17,97.19,92917719
AAPL,2014-07-22,00:00:00,94.68,94.89,94.12,94.72,55196597
AAPL,2014-07-21,00:00:00,94.99,95.00,93.72,93.94,39079002
AAPL,2014-07-18,00:00:00,93.62,94.74,93.02,94.43,49987593
AAPL,2014-07-17,00:00:00,95.03,95.28,92.57,93.09,57298243
AAPL,2014-07-16,00:00:00,96.97,97.10,94.74,94.78,53502415
AAPL,2014-07-15,00:00:00,96.80,96.85,95.03,95.32,45696176
AAPL,2014-07-14,00:00:00,95.86,96.89,95.65,96.45,42810155
AAPL,2014-07-11,00:00:00,95.36,95.89,94.86,95.22,34018228
AAPL,2014-07-10,00:00:00,93.76,95.55,93.52,95.04,39685552
AAPL,2014-07-09,00:00:00,95.44,95.95,94.76,95.39,36436440
AAPL,2014-07-08,00:00:00,96.27,96.80,93.92,95.35,65221678
AAPL,2014-07-07,00:00:00,94.14,95.99,94.10,95.97,56467939
AAPL,2014-07-03,00:00:00,93.67,94.10,93.20,94.03,22891753
AAPL,2014-07-02,00:00:00,93.86,94.06,93.09,93.48,28465073
AAPL,2014-07-01,00:00:00,93.52,94.07,93.13,93.52,38223477
AAPL,2014-06-30,00:00:00,92.10,93.72,92.09,92.93,49589028
AAPL,2014-06-27,00:00:00,90.82,92.00,90.77,91.98,64028803
AAPL,2014-06-26,00:00:00,90.37,91.05,89.80,90.90,32629359
AAPL,2014-06-25,00:00:00,90.21,90.70,89.65,90.36,36868541
AAPL,2014-06-24,00:00:00,90.75,91.74,90.19,90.28,39036087
AAPL,2014-06-23,00:00:00,91.32,91.62,90.60,90.83,43694391
AAPL,2014-06-20,00:00:00,91.85,92.55,90.90,90.91,100898066
AAPL,2014-06-19,00:00:00,92.29,92.30,91.34,91.86,35527686
AAPL,2014-06-18,00:00:00,92.27,92.29,91.35,92.18,33514108
AAPL,2014-06-17,00:00:00,92.31,92.70,91.80,92.08,29726347
AAPL,2014-06-16,00:00:00,91.51,92.75,91.45,92.20,35561270
AAPL,2014-06-13,00:00:00,92.20,92.44,90.88,91.28,54525280
AAPL,2014-06-12,00:00:00,94.04,94.12,91.90,92.29,54748791
AAPL,2014-06-11,00:00:00,94.13,94.76,93.47,93.86,45681114
AAPL,2014-06-10,00:00:00,94.73,95.05,93.57,94.25,62777042
AAPL,2014-06-09,00:00:00,92.70,93.88,91.75,93.70,75414804
AAPL,2014-06-06,00:00:00,92.84,93.04,92.07,92.22,87620911
AAPL,2014-06-05,00:00:00,92.31,92.77,91.80,92.48,75951141
AAPL,2014-06-04,00:00:00,91.06,92.56,90.87,92.12,83870521
AAPL,2014-06-03,00:00:00,89.78,91.25,89.75,91.08,73231620
AAPL,2014-06-02,00:00:00,90.57,90.69,88.93,89.81,92337903
AAPL,2014-05-30,00:00:00,91.14,92.02,89.84,90.43,141005137
AAPL,2014-05-29,00:00:00,89.69,90.98,89.68,90.77,94118633
AAPL,2014-05-28,00:00:00,89.43,89.98,89.11,89.14,78921885
AAPL,2014-05-27,00:00:00,87.98,89.41,87.95,89.38,87216605
AAPL,2014-05-23,00:00:00,86.75,87.82,86.64,87.73,58052491
AAPL,2014-05-22,00:00:00,86.66,87.12,86.30,86.75,50218945
AAPL,2014-05-21,00:00:00,86.26,86.67,86.01,86.62,49249914
AAPL,2014-05-20,00:00:00,86.36,86.63,85.82,86.39,58708986
AAPL,2014-05-19,00:00:00,85.41,86.76,85.33,86.37,79439024
AAPL,2014-05-16,00:00:00,84.09,85.36,83.63,85.36,69091834
AAPL,2014-05-15,00:00:00,84.96,85.23,84.01,84.12,57711731
AAPL,2014-05-14,00:00:00,84.63,85.34,84.53,84.84,41600846
AAPL,2014-05-13,00:00:00,84.57,84.93,84.39,84.82,39934594
AAPL,2014-05-12,00:00:00,83.93,84.81,83.91,84.69,53324677
AAPL,2014-05-09,00:00:00,83.51,83.75,82.90,83.65,72899498
AAPL,2014-05-08,00:00:00,84.04,84.92,83.77,84.00,57574363
AAPL,2014-05-07,00:00:00,85.04,85.33,83.96,84.62,70715988
AAPL,2014-05-06,00:00:00,85.97,86.34,84.92,84.92,93641373
AAPL,2014-05-05,00:00:00,84.31,85.86,84.29,85.85,71766758
AAPL,2014-05-02,00:00:00,84.62,84.89,84.24,84.65,47878572
AAPL,2014-05-01,00:00:00,84.57,84.97,83.77,84.50,61052418
AAPL,2014-04-30,00:00:00,84.66,85.63,84.26,84.30,114220883
AAPL,2014-04-29,00:00:00,84.82,85.14,84.22,84.62,84344673
AAPL,2014-04-28,00:00:00,81.83,85.11,81.79,84.87,167371680
AAPL,2014-04-25,00:00:00,80.65,81.71,80.57,81.71,97568814
AAPL,2014-04-24,00:00:00,81.17,81.43,80.10,81.11,189978082
AAPL,2014-04-23,00:00:00,75.58,75.88,74.92,74.96,98735259
AAPL,2014-04-22,00:00:00,75.47,75.98,75.21,75.96,50664453
AAPL,2014-04-21,00:00:00,75.05,76.02,74.85,75.88,45668931
AAPL,2014-04-17,00:00:00,74.29,75.39,74.17,74.99,71106721
AAPL,2014-04-16,00:00:00,74.01,74.44,73.45,74.14,53732994
AAPL,2014-04-15,00:00:00,74.32,74.52,73.05,73.99,66622577
AAPL,2014-04-14,00:00:00,74.56,74.59,73.89,74.53,51445177
AAPL,2014-04-11,00:00:00,74.14,74.69,73.88,74.23,67975012
AAPL,2014-04-10,00:00:00,75.81,76.03,74.74,74.78,59912818
AAPL,2014-04-09,00:00:00,74.66,75.78,74.57,75.76,51542722
AAPL,2014-04-08,00:00:00,75.03,75.16,74.10,74.78,60971883
AAPL,2014-04-07,00:00:00,75.43,75.84,74.56,74.78,72462530
AAPL,2014-04-04,00:00:00,77.12,77.14,75.80,75.97,68812485
AAPL,2014-04-03,00:00:00,77.34,77.50,76.81,76.97,40648111
AAPL,2014-04-02,00:00:00,77.48,77.64,77.18,77.51,45104871
AAPL,2014-04-01,00:00:00,76.82,77.41,76.68,77.38,50189685
AAPL,2014-03-31,00:00:00,77.03,77.26,76.56,76.68,42167188
AAPL,2014-03-28,00:00:00,76.90,76.99,76.32,76.69,50141063
AAPL,2014-03-27,00:00:00,77.14,77.36,76.45,76.78,55507676
AAPL,2014-03-26,00:00:00,78.07,78.43,76.98,77.11,74942224
AAPL,2014-03-25,00:00:00,77.36,77.96,77.08,77.86,70573356
AAPL,2014-03-24,00:00:00,76.92,77.21,76.44,77.03,88924871
AAPL,2014-03-21,00:00:00,75.99,76.25,75.19,76.12,93612169
AAPL,2014-03-20,00:00:00,75.70,76.10,75.34,75.53,52099537
AAPL,2014-03-19,00:00:00,76.04,76.61,75.57,75.89,56188958
AAPL,2014-03-18,00:00:00,75.13,76.00,75.03,75.91,52411863
AAPL,2014-03-17,00:00:00,75.39,75.71,75.12,75.25,49886074
AAPL,2014-03-14,00:00:00,75.54,75.84,74.71,74.96,59299492
AAPL,2014-03-13,00:00:00,76.78,77.09,75.59,75.81,64435609
AAPL,2014-03-12,00:00:00,76.36,76.76,76.00,76.66,50195460
AAPL,2014-03-11,00:00:00,76.49,76.96,76.08,76.58,70198849
AAPL,2014-03-10,00:00:00,75.48,76.19,75.48,75.85,44691430
AAPL,2014-03-07,00:00:00,75.87,76.00,75.15,75.78,55415241
AAPL,2014-03-06,00:00:00,76.11,76.35,75.44,75.82,46423111
AAPL,2014-03-05,00:00:00,75.85,76.39,75.59,76.05,50065519
AAPL,2014-03-04,00:00:00,75.86,76.09,75.40,75.89,64884834
AAPL,2014-03-03,00:00:00,74.77,75.81,74.69,75.39,59784494
AAPL,2014-02-28,00:00:00,75.58,76.11,74.59,75.18,93074653
AAPL,2014-02-27,00:00:00,73.88,75.54,73.72,75.38,75557321
AAPL,2014-02-26,00:00:00,74.80,75.00,73.66,73.91,69131286
AAPL,2014-02-25,00:00:00,75.63,75.65,74.43,74.58,58247350
AAPL,2014-02-24,00:00:00,74.74,75.70,74.63,75.36,72364950
AAPL,2014-02-21,00:00:00,76.11,76.37,74.94,75.04,69757247
AAPL,2014-02-20,00:00:00,76.14,76.71,75.57,75.88,76529103
AAPL,2014-02-19,00:00:00,77.82,78.13,76.34,76.77,78554420
AAPL,2014-02-18,00:00:00,78.00,78.74,77.94,78.00,65306248
AAPL,2014-02-14,00:00:00,77.50,78.00,77.32,77.71,68468036
AAPL,2014-02-13,00:00:00,76.38,77.84,76.31,77.78,76960156
AAPL,2014-02-12,00:00:00,76.71,77.08,76.18,76.56,77127064
